Player,No,Pos,Ht,Wt,Age,College,GP,GS,Team,player_id
Charlie Babb,49,S,6-0,190,29,Memphis,5,0,20,1
Carl Barisich,78,NT,6-4,256,28,Princeton,11,0,20,2
Bob Baumhower,73,NT,6-5,265,24,Alabama,16,16,20,3
Guy Benjamin,7,QB,6-3,208,24,Stanford,4,0,20,4
Don Bessillieu,46,S,6-1,200,23,Georgia Tech,16,0,20,5
Doug Betters,75,RDE,6-7,260,23,Montana; Nevada-Reno,16,14,20,6
Glenn Blackwood,47,CB,6-0,190,22,Texas,11,0,20,7
Kim Bokamper,58,LOLB,6-6,250,25,Concordia (Moorhead); San Jose CC; San Jose State,14,13,20,8
Norm Bulaich,31,RB,6-1,217,33,Texas Christian,9,0,20,9
Jimmy Cefalo,81,WR,5-11,189,23,Penn State,16,3,20,10
Rusty Chambers,51,RILB,6-1,218,26,Tulane,16,16,20,11
Neal Colzie,20,FS,6-2,196,26,Ohio State,16,16,20,12
Larry Csonka,39,FB,6-3,238,33,Syracuse,16,16,20,13
Mike Current,71,ROT,6-4,267,34,Ohio State,16,16,20,14
Gary Davis,27,HB,5-10,200,25,Cal Poly (San Luis Obispo),16,3,20,15
Vern Den Herder,83,LDE,6-6,251,31,Central (Iowa),16,16,20,16
Mark Dennard,63,C,6-1,250,24,Texas A&M,16,7,20,17
A.J. Duhe,77,RDE,6-4,249,24,Louisiana State,13,2,20,18
Tim Foley,25,SS,6-0,194,31,Purdue,15,15,20,19
Jon Giesler,79,OT,6-5,265,23,Michigan,16,0,20,20
Larry Gordon,50,ROLB,6-4,230,25,Arizona State,16,16,20,21
Cleveland Green,61,OT,6-3,262,22,Southern University,16,0,20,22
Bob Griese,12,QB,6-1,190,34,Purdue,14,12,20,23
Jeff Groth,85,WR,5-10,172,22,Bowling Green State,4,0,20,24
Bruce Hardy,84,TE,6-4,234,23,Arizona State,16,14,20,25
Duriel Harris,82,WR,5-11,176,25,New Mexico State,15,14,20,26
Steve Howell,36,RB,6-2,230,23,Baylor,16,0,20,27
Mike Kozlowski,37,SS,6-1,198,23,San Diego State; Brigham Young; MiraCosta JC; Colorado,16,1,20,28
Bob Kuechenberg,67,LOT,6-2,255,32,Notre Dame,16,16,20,29
Eric Laakso,68,ROG,6-4,260,23,Tulane,10,2,20,30
Mel Land,52,LB,6-3,242,24,Michigan State,16,0,20,31
Jim Langer,62,C,6-2,253,31,South Dakota State,9,9,20,32
Ronnie Lee,86,TE,6-3,272,23,Baylor,16,2,20,33
Larry Little,66,ROG,6-1,270,34,Bethune-Cookman,15,14,20,34
Bob Matheson,53,LOLB,6-4,241,35,Duke,16,3,20,35
Nat Moore,89,WR,5-9,188,28,Tennessee-Martin; Miami-Dade JC; Florida,16,14,20,36
Tony Nathan,22,RB,6-0,206,23,Alabama,16,0,20,37
Ed Newman,64,LOG,6-2,240,28,Duke,16,16,20,38
Ralph Ortega,54,LB,6-2,220,26,Florida,8,0,20,39
Earnie Rhone,55,LB,6-2,224,26,Henderson State,16,0,20,40
George Roberts,4,P,6-0,181,24,Virginia Tech,16,0,20,41
Gerald Small,48,RCB,5-11,192,23,San Jose State,16,16,20,42
Don Strock,10,QB,6-5,230,29,Virginia Tech,16,4,20,43
Ed Taylor,45,CB,6-0,175,24,Memphis,5,0,20,44
Norris Thomas,41,LCB,5-11,175,25,Southern Mississippi,16,16,20,45
Jeff Toews,60,OT,6-3,255,22,Washington,11,0,20,46
Bob Torrey,38,RB,6-4,230,22,Penn State,7,0,20,47
Steve Towle,56,LILB,6-2,230,26,Kansas,16,16,20,48
Uwe von Schamann,5,K-P,6-1,188,23,Oklahoma,16,0,20,49
Delvin Williams,24,HB,6-0,200,28,Kansas,14,13,20,50
Julius Adams,85,RDE,6-3,262,31,Texas Southern,16,2,22,51
Sam Adams,61,ROG,6-3,260,31,Prairie View A&M,15,13,22,52
Doug Beaudoin,27,SS,6-1,190,25,Minnesota,10,8,22,53
Richard Bishop,64,RDE-LDE-RDT,6-1,265,29,Marshalltown JC; Louisville,14,14,22,54
Pete Brock,58,LOT-ROG,6-5,270,25,Colorado,16,7,22,55
Mark Buben,63,DE,6-3,265,22,Tufts,16,0,22,56
Don Calhoun,44,FB-HB,6-0,215,27,Kansas State,16,6,22,57
Matt Cavanaugh,12,QB,6-2,211,23,Pittsburgh,13,0,22,58
Al Chandler,82,TE,6-2,233,29,Oklahoma,7,0,22,59
Allan Clark,35,RB,5-10,190,22,Northern Arizona,16,0,22,60
Raymond Clayborn,26,LCB,6-0,186,24,Texas,16,16,22,61
Dick Conn,22,S,6-0,180,28,Georgia,1,0,22,62
Ray Costict,55,ROLB,6-0,218,24,Mississippi State,16,1,22,63
Bob Cryder,75,ROG,6-4,275,23,Alabama,16,2,22,64
Sam Cunningham,39,FB,6-3,230,29,Southern California,12,12,22,65
Terry Falcon,68,OG-OT,6-3,260,24,Minot State; Montana,10,0,22,66
Tim Fox,48,FS,5-11,188,26,Ohio State,16,16,22,67
Russ Francis,81,TE,6-6,242,26,Oregon,12,12,22,68
Bob Golic,51,LB,6-2,261,22,Notre Dame,1,0,22,69
Steve Grogan,14,QB,6-4,210,26,Kansas State,16,16,22,70
Ray Hamilton,71,NT-LDT,6-1,244,28,Oklahoma,16,16,22,71
John Hannah,73,LOG,6-3,265,28,Alabama,16,16,22,72
Eddie Hare,8,P,6-4,209,22,Tulsa,16,0,22,73
Don Hasselbeck,80,TE,6-7,244,24,Colorado,16,3,22,74
Mike Hawkins,59,LOLB,6-2,232,24,Texas A&M-Kingsville,16,14,22,75
Mike Haynes,40,RCB,6-2,194,26,Arizona State,16,15,22,76
Sam Hunt,50,RILB-MLB,6-1,248,28,Stephen F. Austin State,15,15,22,77
Horace Ivory,23,HB,6-0,198,25,Navarro JC; Oklahoma,10,9,22,78
Harold Jackson,29,WR,5-10,175,33,Jackson State,16,16,22,79
Ray Jarvis,87,WR,6-0,197,30,Norfolk State,7,0,22,80
Andy Johnson,32,HB,6-0,204,27,Georgia,5,5,22,81
Shelby Jordan,74,ROT,6-7,270,27,Washington-St. Louis,14,12,22,82
Steve King,52,ROLB,6-4,230,28,Tulsa,16,1,22,83
Bill Lenkaitis,67,C,6-3,260,33,Penn State,16,16,22,84
Mel Lunsford,73,LDE,6-3,256,29,Central State (Ohio),16,16,22,85
Bill Matthews,53,LLB,6-2,235,23,South Dakota State,16,1,22,86
Prentice McCray,34,SS,6-1,185,28,Arizona State,14,5,22,87
Tony McGee,78,RDE,6-3,249,30,Wyoming; Bishop,16,2,22,88
Stanley Morgan,86,WR,5-11,181,24,Tennessee,16,16,22,89
Steve Nelson,57,LILB-MLB,6-2,230,28,Augsburg; North Dakota State,15,15,22,90
Tom Owen,17,QB,6-1,194,27,Wichita State,6,0,22,91
Carlos Pennywell,88,WR,6-2,180,23,Grambling State,6,0,22,92
Garry Puetz,77,ROT,6-4,265,27,Valparaiso,5,4,22,93
Rick Sanford,25,SS,6-1,192,22,South Carolina,16,4,22,94
Rod Shoate,56,ROLB-RLB,6-1,215,26,Oklahoma,14,14,22,95
John Smith,1,K,6-0,172,30,King Alfred's; Southampton (England),16,0,22,96
Mosi Tatupu,30,RB,6-0,227,24,Southern California,16,0,22,97
Mark Washington,46,CB,5-11,187,32,Morgan State,12,0,22,98
Don Westbrook,83,WR,5-10,185,26,Nebraska,16,0,22,99
Dwight Wheeler,62,LOT,6-3,270,24,Tennessee State,13,10,22,100
John Zamberlin,54,RILB,6-2,226,23,Pacific Lutheran,16,1,22,101
Dan Alexander,60,ROG,6-4,271,24,Louisiana State,16,15,25,102
Jerome Barkum,83,TE,6-3,218,29,Jackson State,13,13,25,103
Woody Bennett,46,RB,6-2,220,24,Miami (Florida),15,0,25,104
Stan Blinka,54,MLB,6-2,230,22,Sam Houston State,16,16,25,105
Greg Buttle,51,LLB,6-3,232,25,Penn State,16,16,25,106
Ron Crosby,55,LB,6-3,225,24,Penn State,12,0,25,107
Eric Cunningham,68,ROG,6-3,257,22,Penn State,11,1,25,108
Paul Darby,84,WR,5-10,192,23,Texas State,15,0,25,109
Scott Dierking,25,RB,5-11,225,24,Purdue,16,14,25,110
Donald Dykes,26,RCB,5-11,188,24,Southeastern Louisiana,16,2,25,111
Roger Farmer,80,WR,6-3,195,24,Eastern Arizona JC; Baker,4,0,25,112
Joe Fields,65,C,6-2,253,26,Rutgers-Camden; Widener,15,15,25,113
Derrick Gaffney,81,WR,6-1,179,24,Florida,16,16,25,114
Clark Gaines,21,FB,6-1,213,25,Lees-McRae JC; Wake Forest,16,9,25,115
Mark Gastineau,99,LDE,6-5,270,23,Eastern Arizona JC; Arizona State; East Central,16,1,25,116
Bruce Harper,42,RB,5-8,179,24,Kutztown,16,0,25,117
John Hennessy,63,LB,6-3,236,24,Michigan,16,0,25,118
Bobby Jackson,40,LCB,5-10,180,23,Florida State,16,16,25,119
Dave Jacobs,1,K,5-7,153,22,Syracuse,4,0,25,120
Bobby Jones,89,WR,5-11,185,24,Youngstown State,10,7,25,121
Joe Klecko,73,RDT,6-3,263,26,Temple,16,16,25,122
Pat Leahy,5,K,6-0,196,28,St. Louis,6,0,25,123
Toni Linhart,2,K,5-11,183,37,Austria Technical,5,0,25,124
Kevin Long,33,FB,6-1,225,24,South Carolina,12,6,25,125
Johnny Lynn,29,RCB,6-0,196,23,UCLA,16,14,25,126
Marty Lyons,93,RDE,6-5,269,22,Alabama,16,16,25,127
Bob Martin,59,RLB,6-1,214,26,Nebraska,2,2,25,128
Ed McGlasson,67,C,6-4,254,23,Youngstown State,7,0,25,129
Mike McKibben,53,RLB,6-3,228,23,Kent State,16,10,25,130
Mark Merrill,58,RLB,6-4,238,24,Minnesota,6,4,25,131
Tim Moresco,37,S,5-10,176,25,Syracuse,16,0,25,132
Tom Newton,44,FB,6-0,210,25,San Jose CC; California,16,0,25,133
Burgess Owens,22,FS,6-2,199,28,Miami (Florida),16,16,25,134
Joe Pellegrini,77,LDT,6-2,268,23,Idaho,4,4,25,135
Lawrence Pillers,76,LDE,6-3,255,27,Alcorn State,16,15,25,136
Marvin Powell,79,ROT,6-5,270,24,Southern California,16,16,25,137
Bob Raba,86,TE,6-1,225,24,Maryland,8,0,25,138
Chuck Ramsey,15,P,6-2,194,27,Wake Forest,16,0,25,139
Randy Rasmussen,66,LOG,6-2,255,34,Nebraska-Kearney,16,16,25,140
Matt Robinson,17,QB,6-2,190,24,Georgia,15,1,25,141
John Roman,61,OT,6-4,265,27,Idaho State,16,0,25,142
Pat Ryan,4,QB,6-3,210,24,Tennessee,1,0,25,143
Abdul Salaam,74,LDT,6-3,256,26,Kent State,12,12,25,144
Ken Schroy,48,SS,6-2,196,27,Maryland,16,1,25,145
Mickey Shuler,82,TE,6-3,231,23,Penn State,16,6,25,146
Shafer Suggs,23,SS,6-1,204,26,Ball State,16,15,25,147
John Sullivan,50,LB,6-1,221,23,Illinois,12,0,25,148
Rich Szaro,10,K,5-11,204,31,Harvard,1,0,25,149
Ed Taylor,38,CB,6-0,175,24,Memphis,4,0,25,150
Richard Todd,14,QB,6-2,210,26,Alabama,15,15,25,151
Stan Waldemore,70,C,6-3,268,24,Nebraska,16,1,25,152
Wesley Walker,85,WR,6-0,182,24,California,9,9,25,153
Chris Ward,72,LOT,6-3,269,24,Ohio State,16,16,25,154
Bob Winkel,71,DT-DE,6-4,253,24,Kentucky,15,0,25,155
Jon Borchardt,73,OT,6-5,265,22,Montana State,16,0,4,156
Curtis Brown,47,FB,5-10,203,25,Fort Scott CC; Missouri,15,15,4,157
Jerry Butler,80,WR,6-0,178,22,Clemson,13,13,4,158
Bob Chandler,81,WR,6-0,179,30,Southern California,3,0,4,159
Mario Clark,29,LCB,6-2,193,25,Oregon,16,16,4,160
Mike Collier,35,FB,5-11,200,26,Morgan State,16,1,4,161
Joe DeLamielleure,68,ROG,6-3,253,28,Michigan State,16,16,4,162
Tom Dempsey,6,K,6-1,275,32,Palomar JC,3,0,4,163
Joe Devlin,70,ROT,6-5,280,25,Iowa,16,16,4,164
Joe Ferguson,12,QB,6-1,190,29,Arkansas,16,16,4,165
Steve Freeman,22,SS,5-11,185,26,Mississippi State,16,16,4,166
Danny Fulton,84,WR,6-2,183,23,Nebraska; Nebraska-Omaha,6,0,4,167
Ed Fulton,62,OG,6-3,250,24,Maryland,5,0,4,168
Reuben Gant,88,TE,6-4,226,27,Oklahoma State,14,14,4,169
Will Grant,53,C,6-3,266,25,Idaho State; Kentucky,16,0,4,170
Doug Greene,21,S,6-2,205,23,Lakewood JC; Texas A&M-KIngsville,15,0,4,171
Tony Greene,43,FS,5-10,170,30,Maryland,16,12,4,172
Dee Hardison,74,LDE,6-4,280,23,North Carolina,16,3,4,173
Jim Haslett,55,LILB,6-3,236,24,Indiana (Pennsylvania),16,16,4,174
Tom Higgins,54,LB,6-1,235,25,North Carolina State,16,0,4,175
Roland Hooks,25,RB,6-0,196,26,North Carolina State,16,0,4,176
Ron Howard,85,TE,6-4,230,28,Seattle,1,0,4,177
Scott Hutchinson,90,RDE,6-4,243,23,Florida,16,5,4,178
Rusty Jackson,4,P,6-2,190,29,Louisiana State,16,0,4,179
Dan Jilek,51,LB,6-2,225,26,Michigan,15,0,4,180
Dennis Johnson,39,RB,6-3,220,23,Mississippi State,3,0,4,181
Ken Johnson,91,DT,6-5,253,24,Knoxville,3,0,4,182
Ken Jones,72,LOT,6-5,270,27,Arkansas State,16,16,4,183
Mike Kadish,71,NT,6-5,265,29,Notre Dame,16,13,4,184
Chris Keating,52,LB,6-2,233,22,Maine,16,0,4,185
Frank Lewis,82,WR,6-1,196,32,Grambling State,15,15,4,186
Dan Manucci,11,QB,6-2,194,22,Mesa CC; Kansas State,14,0,4,187
Reggie McKenzie,67,LOG,6-5,255,29,Michigan,16,16,4,188
Nick Mike-Mayer,5,K,5-8,187,29,Temple,16,0,4,189
Terry Miller,40,RB,5-10,196,23,Oklahoma State,16,16,4,190
Keith Moody,46,CB,5-11,179,26,Syracuse,16,0,4,191
Bill Munson,9,QB,6-2,203,38,Foothill JC; Utah State,3,0,4,192
Shane Nelson,59,RILB,6-1,232,24,Blinn JC; Baylor,16,16,4,193
Jeff Nixon,38,FS,6-3,190,23,Richmond,16,4,4,194
Willie Parker,61,C,6-3,245,31,Wharton County JC; North Texas,16,16,4,195
Lou Piccone,89,WR,5-8,184,30,West Liberty,16,4,4,196
Steve Powell,23,RB,5-11,186,23,Truman State,15,0,4,197
Isiah Robertson,58,LOLB,6-3,225,30,Southern University,16,16,4,198
Charles Romes,26,RCB,6-1,190,25,Lake City JC; North Carolina Central,16,16,4,199
Lucius Sanford,57,ROLB,6-2,216,23,Georgia Tech,16,16,4,200
Joe Shipp,87,TE,6-4,225,24,Southern California,16,2,4,201
Fred Smerlas,76,NT,6-4,285,22,Boston College,13,3,4,202
Tim Vogler,65,C,6-3,285,23,Ohio State,10,0,4,203
Sherm White,83,RDE,6-5,250,31,Laney JC; California,15,9,4,204
Ben Williams,77,LDE-RDE,6-3,260,25,Mississippi,16,15,4,205
Lenny Willis,86,WR,5-11,180,26,Nebraska Southern JC; Ohio State,7,0,4,206
Mack Alston,83,TE,6-2,230,32,Maryland-Eastern Shore,14,4,33,207
Ron Baker,60,ROG-LOG,6-4,274,25,Indian Hills JC; Oklahoma State,16,3,33,208
Mike Barnes,63,LDT,6-6,255,29,Miami (Florida),14,14,33,209
Lyle Blackwood,44,FS,6-1,189,28,Blinn JC; Texas Christian,16,12,33,210
Larry Braziel,47,RCB,6-0,190,25,Compton JC; Southern California,16,9,33,211
Randy Burke,84,WR,6-1,186,24,Kentucky,16,2,33,212
Roger Carr,81,WR,6-2,195,27,Louisiana Tech,9,9,33,213
Fred Cook,72,LDE,6-3,244,27,Southern Mississippi,16,16,33,214
Brian DeRoo,87,WR,6-3,190,23,Redlands,16,1,33,215
Bucky Dilts,10,P,5-9,183,26,Georgia,16,0,33,216
Glenn Doughty,35,WR,6-1,204,32,Michigan,15,15,33,217
Joe Ehrmann,76,RDT-LDT-RDT,6-4,256,30,Syracuse,16,5,33,218
Ron Fernandes,73,RDE,6-5,248,28,Eastern Michigan,13,7,33,219
Greg Fields,79,RDE,6-6,260,24,Hartnell JC; Grambling State,16,4,33,220
Ben Garry,29,RB,6-0,215,23,Southern Mississippi,11,0,33,221
Nesby Glasgow,25,FS,5-10,188,22,Washington,16,4,33,222
Jerry Golsteyn,12,QB,6-4,210,25,Northern Illinois,1,0,33,223
Wade Griffin,89,LOT,6-5,270,25,Mississippi,16,16,33,224
Lee Gross,52,C,6-3,230,26,Auburn,16,0,33,225
Don Hardeman,36,FB,6-2,235,26,Texas A&M-Kingsville,13,11,33,226
Dwight Harrison,28,RCB,6-1,183,31,Texas A&M-Kingsville,7,6,33,227
Jeff Hart,68,ROT,6-5,252,26,Oregon State,16,14,33,228
Ken Huff,62,ROG,6-4,252,26,North Carolina,14,14,33,229
Bert Jones,7,QB,6-3,210,28,Louisiana State,4,4,33,230
Jimmy Krahl,90,DT,6-5,252,24,Texas Tech,1,0,33,231
Barry Krauss,55,MLB,6-3,257,22,Alabama,15,6,33,232
Bruce Laird,40,SS,6-0,193,29,American International,15,15,33,233
Greg Landry,11,QB,6-4,205,33,Massachusetts,16,12,33,234
Roosevelt Leaks,48,FB,5-10,219,26,Texas,7,5,33,235
Toni Linhart,2,K,5-11,183,37,Austria Technical,3,0,33,236
Reese McCall,86,TE,6-6,238,23,Auburn,14,12,33,237
Don McCauley,23,HB,6-1,211,30,North Carolina,15,1,33,238
Ken Mendenhall,57,C,6-3,235,31,Oklahoma,16,16,33,239
Steve Mike-Mayer,5,K,6-0,180,32,Maryland,13,0,33,240
Doug Nettles,30,LCB-RCB,6-0,178,28,Vanderbilt,15,13,33,241
Herb Orvis,88,RDT-LDT,6-5,248,33,Colorado,16,13,33,242
Mike Ozdowski,61,RDE,6-5,243,24,Virginia,11,5,33,243
Reggie Pinkney,37,SS,6-0,187,24,East Carolina,16,1,33,244
Bob Pratt,61,LOG,6-4,250,28,North Carolina,16,15,33,245
Sanders Shiver,54,LLB,6-2,227,24,Carson-Newman,16,16,33,246
Mike Siani,45,WR,6-2,195,29,Villanova,10,5,33,247
Ed Simonini,56,MLB,6-0,206,25,Texas A&M,13,10,33,248
David Taylor,64,ROT,6-4,260,30,Catawba,3,2,33,249
Norm Thompson,43,LCB,6-1,179,34,Laney JC; Utah,12,4,33,250
Bob Van Duyne,67,OG,6-4,250,27,Idaho,16,0,33,251
Joe Washington,20,HB,5-10,182,26,Oklahoma,15,15,33,252
Stan White,53,RLB,6-1,224,30,Ohio State,16,16,33,253
Mike Woods,59,LB,6-2,237,25,Ellsworth CC; Tampa; Cincinnati,16,0,33,254
Steve Zabel,58,LB,6-4,228,31,Oklahoma,15,0,33,255
Anthony Anderson,33,RB,6-0,197,23,Temple,16,0,27,256
Larry Anderson,30,CB,5-11,188,23,Louisiana Tech,16,0,27,257
Matt Bahr,9,K,5-10,175,23,Penn State,16,0,27,258
John Banaszak,76,RDE,6-3,242,29,Eastern Michigan,16,16,27,259
Tom Beasley,65,LDE-DT,6-5,248,25,Virginia Tech,13,5,27,260
Theo Bell,83,WR,5-11,180,26,Arizona,13,1,27,261
Rocky Bleier,20,RB-FB,5-11,205,33,Notre Dame,16,7,27,262
Mel Blount,47,RCB,6-3,205,31,Southern University,16,16,27,263
Terry Bradshaw,12,QB,6-3,210,31,Louisiana Tech,16,16,27,264
Larry Brown,79,ROT,6-4,270,30,Kansas,15,14,27,265
Robin Cole,56,RLB,6-2,225,24,New Mexico,13,8,27,266
Craig Colquitt,5,P,6-2,183,25,Cleveland State JC; Tennessee,16,0,27,267
Steve Courson,77,ROG-LOG,6-1,270,24,South Carolina,16,8,27,268
Bennie Cunningham,89,TE,6-4,260,25,Clemson,15,7,27,269
Sam Davis,57,LOG,6-1,245,35,Allen,13,12,27,270
Jack Deloplaine,35,RB,5-10,205,25,Salem,1,0,27,271
Thom Dornbrook,63,LOG-C,6-2,240,23,Kentucky,16,1,27,272
Gary Dunn,67,RDT-LDT,6-3,270,26,Miami (Florida),16,15,27,273
Steve Furness,64,RDT,6-4,255,29,Rhode Island,12,2,27,274
Tom Graves,50,LB,6-3,228,24,Michigan State,11,0,27,275
Joe Greene,75,LDT,6-4,270,33,North Texas,15,15,27,276
L.C. Greenwood,68,LDE,6-6,246,33,Arkansas-Pine Bluff,12,11,27,277
Randy Grossman,84,TE,6-1,225,27,Temple,16,9,27,278
Jack Ham,59,LLB,6-3,224,31,Penn State,15,15,27,279
Franco Harris,32,FB,6-2,225,29,Penn State,15,15,27,280
Greg Hawthorne,27,RB,6-2,230,23,Baylor,15,0,27,281
Ron Johnson,29,LCB,5-10,200,23,Eastern Michigan,11,11,27,282
Jon Kolb,55,LOT,6-2,240,32,Oklahoma State,14,12,27,283
Mike Kruczek,14,QB,6-1,205,26,Boston College,8,0,27,284
Jack Lambert,58,MLB,6-4,220,27,Kent State,16,15,27,285
Rick Moser,38,RB,6-0,210,23,Rhode Island,16,0,27,286
Gerry Mullins,72,ROG,6-3,244,30,Southern California,15,11,27,287
Ted Petersen,66,LOT-ROT-C,6-5,241,24,Eastern Illinois,16,6,27,288
Donnie Shell,31,SS,5-11,198,27,South Carolina State,16,16,27,289
Jim Smith,86,WR,6-2,205,24,Michigan,15,4,27,290
John Stallworth,82,WR,6-2,202,27,Alabama A&M,16,16,27,291
Lynn Swann,88,WR,6-0,180,27,Southern California,13,11,27,292
J.T. Thomas,24,FS-LCB,6-2,196,28,Florida State,14,13,27,293
Sidney Thornton,38,RB,5-11,230,25,Northwestern State (Louisiana),13,10,27,294
Loren Toews,51,LB,6-3,220,28,California,11,0,27,295
Zack Valentine,54,LB,6-2,222,22,East Carolina,16,0,27,296
Mike Wagner,23,FS,6-1,200,30,Western Illinois,8,7,27,297
Mike Webster,52,C,6-2,260,27,Wisconsin,16,16,27,298
Dwight White,78,DE,6-4,253,30,Texas A&M-Commerce,11,0,27,299
Dennis Winston,53,RLB-MLB,6-0,228,24,Arkansas,16,10,27,300
Dwayne Woodruff,48,LCB,5-11,195,22,Louisville,16,1,27,301
Willie Alexander,19,CB,6-3,192,30,Alcorn State,13,0,34,302
Jesse Baker,75,RDE,6-5,271,22,Jacksonville State,16,2,34,303
Mike Barber,86,TE,6-3,237,26,Louisiana Tech,15,15,34,304
Steve Baumgartner,63,LB,6-7,245,28,Purdue,12,0,34,305
Elvin Bethea,65,RDE,6-3,255,33,North Carolina A&T State,14,14,34,306
Gregg Bingham,54,LILB,6-1,227,28,Purdue,16,16,34,307
Robert Brazile,52,ROLB,6-4,238,26,Jackson State,16,16,34,308
Ken Burrough,0,WR,6-3,215,31,Texas Southern,16,16,34,309
Earl Campbell,34,RB,5-11,238,24,Texas,16,15,34,310
Rob Carpenter,26,RB,6-1,226,24,Miami (Ohio),16,1,34,311
David Carter,58,ROT-C-OG,6-2,260,26,Western Kentucky,16,2,34,312
Rich Caster,88,WR,6-5,228,31,Jackson State,16,13,34,313
Boobie Clark,42,RB,6-2,245,30,Bethune-Cookman,15,0,34,314
Ronnie Coleman,47,RB,5-10,197,28,Alabama A&M,14,0,34,315
Curley Culp,78,MG,6-1,265,33,Arizona State,16,16,34,316
Bill Currier,20,S,6-0,193,24,South Carolina,16,0,34,317
Andy Dorris,69,LDE,6-4,248,28,New Mexico State,16,16,34,318
Rich Ellender,85,WR,5-11,171,22,McNeese State,13,0,34,319
Jimbo Elrod,57,LB,6-0,223,25,Oklahoma,4,0,34,320
Ed Fisher,60,ROG,6-3,249,30,Arizona State,16,16,34,321
Eddie Foster,89,WR,5-10,185,25,Houston,1,0,34,322
Toni Fritsch,16,K,5-7,188,34,none,16,0,34,323
Leon Gray,74,LOT,6-3,261,28,Jackson State,16,16,34,324
Jeff Groth,81,WR,5-10,172,22,Bowling Green State,6,0,34,325
Carter Hartwig,36,CB-S,6-0,203,23,Southern California,16,0,34,326
Conway Hayman,70,LOG,6-3,255,30,Delaware,16,16,34,327
Daryl Hunt,50,RILB,6-3,243,23,Oklahoma,16,7,34,328
Charles Jefferson,21,CB,6-0,178,22,McNeese State,5,0,34,329
Billy Johnson,84,WR,5-9,170,27,Widener,2,2,34,330
Ken Kennard,71,MG,6-2,255,25,Angelo State,16,0,34,331
Kenny King,30,RB,5-11,205,22,Oklahoma,12,0,34,332
Carl Mauck,55,C,6-3,242,32,Southern Illinois,16,16,34,333
Guido Merkens,12,QB-WR,6-1,200,24,Sam Houston State,16,0,34,334
Mike Murphy,56,LB,6-2,222,22,Missouri State,3,0,34,335
Gifford Nielsen,14,QB,6-4,205,25,Brigham Young,16,1,34,336
Cliff Parsley,18,P,6-1,211,25,Oklahoma State,16,0,34,337
Dan Pastorini,7,QB,6-3,205,30,Santa Clara,15,15,34,338
Vernon Perry,32,SS,6-2,211,26,Jackson State,16,16,34,339
Wes Phillips,61,OT,6-5,275,26,Savannah State; Lenoir-Rhyne,8,0,34,340
Tom Randall,68,OG,6-5,245,23,Iowa State,13,0,34,341
George Reihner,64,OG,6-4,263,24,Penn State,2,0,34,342
Mike Reinfeldt,37,WS,6-2,192,26,Wisconsin-Milwaukee,16,16,34,343
Mike Renfro,82,WR,6-0,189,24,Texas Christian,15,2,34,344
Conrad Rucker,87,TE-WR,6-3,260,25,Southern University,16,0,34,345
Greg Stemrick,27,RCB,5-11,178,28,Colorado State,16,16,34,346
Mike Stensrud,67,DE,6-5,280,23,Iowa State,6,0,34,347
Art Stringer,53,RILB,6-1,223,25,Ball State,9,9,34,348
Ted Thompson,51,LOLB,6-1,218,26,Southern Methodist,16,2,34,349
Morris Towns,76,ROT,6-4,263,25,Missouri,16,14,34,350
Ted Washington,59,LOLB,6-1,250,31,Mississippi Valley State,15,14,34,351
J.C. Wilson,33,LCB,6-0,177,23,Tampa; Pittsburgh,16,16,34,352
Tim Wilson,45,FB,6-3,235,25,Maryland,16,16,34,353
James Young,77,DE,6-2,260,29,Texas Southern,5,0,34,354
Willis Adams,80,WR,6-2,200,23,Navarro JC; Houston,16,0,8,355
Lyle Alzado,77,LDE-RDE-RDT,6-3,254,30,Yankton,15,15,8,356
Dick Ambrose,52,MLB-LILB,6-0,228,26,Virginia,15,14,8,357
Ron Bolton,28,LCB,6-2,170,29,Norfolk State,16,16,8,358
Henry Bradley,91,DT,6-2,262,26,Alcorn State,5,0,8,359
George Buehler,64,LOG,6-2,260,32,Stanford,11,6,8,360
Clinton Burrell,49,CB,6-1,192,23,Louisiana State,16,0,8,361
Don Cockroft,12,K,6-1,190,34,Adams State,16,0,8,362
Thom Darden,27,FS,6-2,195,29,Michigan,16,16,8,363
Oliver Davis,21,RCB,6-1,203,25,Tennessee State,16,16,8,364
Tom DeLeone,54,C,6-2,252,29,Ohio State,16,16,8,365
Doug Dieken,73,LOT,6-5,253,30,Illinois,16,16,8,366
Rich Dimler,92,RDT,6-6,260,23,Southern California,12,2,8,367
Johnny Evans,8,P-QB,6-1,197,23,North Carolina State,16,0,8,368
Ricky Feacher,83,WR,5-10,174,25,Mississippi Valley State,16,0,8,369
Dave Graf,55,LB,6-2,221,26,Penn State,16,0,8,370
Jack Gregory,81,RDE,6-5,249,35,Tennessee-Chattanooga; Delta State,16,11,8,371
Charlie Hall,59,LLB-LOLB,6-3,220,31,Houston,16,16,8,372
Dino Hall,26,RB,5-7,165,24,Rowan,11,0,8,373
Calvin Hill,35,RB,6-3,228,32,Yale,14,7,8,374
Gerald Irons,86,LB,6-2,230,32,Maryland-Eastern Shore,16,0,8,375
Bob Jackson,68,ROG,6-5,253,26,Duke,16,16,8,376
Robert Jackson,56,RILB-MLB,6-1,230,25,Trinity Valley CC; Texas A&M,16,5,8,377
Lawrence Johnson,49,CB,5-11,203,22,Wisconsin,16,0,8,378
Ricky Jones,47,S,6-1,224,24,Tuskegee,16,0,8,379
Dave Logan,85,WR,6-4,221,25,Colorado,16,16,8,380
Clay Matthews,57,RLB-ROLB,6-2,242,23,Southern California,16,16,8,381
Cleo Miller,30,FB,5-11,214,28,Arkansas-Pine Bluff,16,3,8,382
Mark Miller,15,QB,6-2,176,23,Bowling Green State,2,0,8,383
Matt Miller,71,OT,6-6,270,23,Colorado,16,0,8,384
Pat Moriarty,25,RB,6-0,195,24,Georgia Tech,16,0,8,385
Ozzie Newsome,82,TE,6-2,228,23,Alabama,16,16,8,386
Greg Pruitt,34,RB,5-10,190,28,Oklahoma,6,6,8,387
Mike Pruitt,43,FB,6-0,225,25,Purdue,16,16,8,388
Randy Rich,24,CB,5-10,181,26,New Mexico,16,10,8,389
Cody Risien,63,LOG,6-7,275,22,Texas A&M,16,10,8,390
Reggie Rucker,33,WR,6-2,190,32,Boston University,16,16,8,391
Mike St. Clair,74,LDE,6-5,253,26,Iowa Central CC; Grambling State,16,7,8,392
Clarence Scott,22,SS,6-0,190,30,Kansas State,16,16,8,393
Henry Sheppard,65,ROT,6-6,263,27,Southern Methodist,16,16,8,394
Jerry Sherk,72,RDT,6-4,250,31,Grays Harbor JC; Oklahoma State,10,10,8,395
Mickey Sims,78,LDT-NT,6-5,278,24,South Carolina State,16,16,8,396
Brian Sipe,17,QB,6-1,190,30,Grossmont JC; San Diego State,16,16,8,397
John Smith,88,WR,6-0,175,23,Tennessee State,6,0,8,398
Gerry Sullivan,79,C-OT,6-4,250,27,Illinois,16,0,8,399
Curtis Weathers,87,TE,6-5,230,23,Mississippi,16,0,8,400
Keith Wright,89,WR,5-9,175,23,Memphis,5,0,8,401
Charles Alexander,40,FB,6-1,225,22,Louisiana State,16,3,7,402
Ken Anderson,14,QB,6-3,212,30,Augustana (Illinois),15,15,7,403
Chris Bahr,10,K-P,5-10,170,26,Penn State,16,0,7,404
Don Bass,84,WR,6-2,219,23,Houston,16,13,7,405
Louis Breeden,34,LCB,5-11,185,26,North Carolina Central,10,10,7,406
Billy Brooks,82,WR,6-3,202,26,Oklahoma,4,4,7,407
Jim Browner,21,SS,6-1,208,24,Notre Dame,16,6,7,408
Ross Browner,79,RDE,6-3,265,25,Notre Dame,16,16,7,409
Glenn Bujnoch,74,LOG,6-6,265,26,Texas A&M,15,15,7,410
Scott Burk,28,S,6-2,193,23,Oklahoma State,16,0,7,411
Gary Burley,67,LDE-RDT,6-3,282,27,Wharton County JC; Pittsburgh,16,16,7,412
Blair Bush,58,C,6-3,273,23,Washington,12,12,7,413
Glenn Cameron,50,LLB,6-2,228,26,Florida,15,4,7,414
Marvin Cobb,24,SS-LCB,6-0,188,26,Southern California,14,13,7,415
Jim Corbett,81,TE,6-4,218,24,Pittsburgh,10,1,7,416
Barney Cotton,70,OG,6-6,261,23,Nebraska,13,0,7,417
Isaac Curtis,85,WR,6-0,192,29,California; San Diego State,16,14,7,418
Tom Dinkel,52,LLB,6-3,240,33,Kansas,16,3,7,419
Mark Donahue,66,LOG-ROG,6-3,251,23,Michigan,16,5,7,420
Eddie Edwards,73,LDT,6-5,257,25,Arizona Western JC; Miami (Florida),14,14,7,421
Archie Griffin,45,RB,5-9,188,25,Ohio State,16,15,7,422
Ray Griffin,44,RCB-LCB,5-10,185,23,Ohio State,12,5,7,423
Bo Harris,53,LLB-RLB,6-3,235,26,Louisiana State,15,14,7,424
Vern Holland,76,ROT,6-5,267,31,Tennessee State,16,16,7,425
Dick Jauron,30,FS,6-0,190,29,Yale,16,13,7,426
Bob Johnson,54,C,6-5,258,33,Tennessee,5,0,7,427
Pete Johnson,46,FB,6-0,272,25,Ohio State,16,13,7,428
Steve Kreider,86,WR,6-3,192,21,Lehigh,15,0,7,429
Howie Kurnick,59,LB,6-2,219,22,Cincinnati,15,0,7,430
Dave Lapham,62,ROG-C,6-4,259,27,Syracuse,16,15,7,431
Jim LeClair,55,MLB,6-3,234,29,Minnesota Tech JC; North Dakota,16,15,7,432
Mike Levenseller,88,WR,6-1,180,23,Washington State,12,0,7,433
Vaughn Lusby,29,CB,5-10,188,23,Arkansas,16,0,7,434
Pat McInally,87,P,6-6,210,26,Harvard,16,0,7,435
Mack Mitchell,72,LDE,6-7,246,27,Houston,13,1,7,436
Max Montoya,65,ROG-OT,6-5,275,23,UCLA,11,5,7,437
Scott Perry,32,FS-LCB,6-0,180,25,Williams,14,4,7,438
Nathan Poole,35,RB,5-9,210,23,Louisville,16,0,7,439
Ken Riley,13,RCB,6-0,185,32,Florida A&M,13,13,7,440
Dan Ross,89,TE,6-4,234,22,Northeastern,16,16,7,441
Tom Ruud,51,RLB,6-2,230,26,Nebraska,16,1,7,442
Jack Thompson,12,QB,6-3,220,23,Washington State,9,1,7,443
Deacon Turner,22,RB,5-11,210,24,Bakersfield CC; San Diego State,16,1,7,444
Rick Walker,83,TE,6-4,235,24,Santa Ana JC; UCLA,10,0,7,445
Mike White,63,LDT-RDT,6-5,266,22,Albany State,16,4,7,446
Wilson Whitley,75,RDT,6-3,265,24,Houston,14,13,7,447
Reggie Williams,57,RLB,6-0,230,25,Dartmouth,12,11,7,448
Mike Wilson,77,LOT,6-5,280,24,Georgia,16,16,7,449
Dan Audick,60,LOG,6-3,250,25,Hawaii,16,4,35,450
Hank Bauer,37,RB,5-10,200,25,California Lutheran,16,0,35,451
Rolf Benirschke,6,K,6-0,165,24,UC Davis,4,0,35,452
Willie Buchanon,28,LCB,6-0,189,29,MiraCosta JC; San Diego State,16,16,35,453
Larry Burton,87,WR,6-1,193,28,Purdue,12,0,35,454
Fred Dean,71,RDE,6-2,230,27,Louisiana Tech,13,12,35,455
Charles DeJurnett,73,RDE-LDE-RDT,6-4,265,27,West Los Angeles JC; San Jose State,12,4,35,456
Jerome Dove,48,CB,6-1,190,26,Hutchinson CC; Colorado State,16,0,35,457
Frank Duncan,47,S,6-1,188,23,San Mateo JC; San Francisco State,4,0,35,458
Glen Edwards,27,FS,6-0,185,32,Florida A&M,15,13,35,459
John Floyd,86,WR,6-1,195,23,Louisiana-Monroe,8,2,35,460
Dan Fouts,14,QB,6-3,210,28,Oregon,16,16,35,461
Mike Fuller,42,SS,5-9,182,26,Auburn,16,16,35,462
Roy Gerela,9,K,5-10,185,31,New Mexico State,3,0,35,463
Don Goode,50,LLB,6-2,240,28,Kansas,12,1,35,464
James Harris,12,QB,6-3,221,32,Grambling State,8,0,35,465
Bob Horn,55,MLB,6-3,239,25,Oregon State,16,16,35,466
John Jefferson,83,WR,6-1,201,23,Arizona State,15,15,35,467
Gary Johnson,79,RDT,6-2,255,27,Grambling State,16,15,35,468
Charlie Joiner,18,WR,5-11,186,32,Grambling State,16,16,35,469
Leroy Jones,68,LDE,6-8,245,29,Norfolk State,16,15,35,470
Louie Kelcher,74,DT,6-5,290,26,Southern Methodist,1,0,35,471
Linden King,57,RLB,6-4,247,24,Colorado State,16,1,35,472
Bob Klein,84,TE,6-5,235,32,Southern California,15,14,35,473
John Lee,69,RDE,6-2,259,26,Nebraska,10,2,35,474
Woodrow Lowe,51,RLB,6-0,227,25,Alabama,16,14,35,475
Don Macek,62,C-OG,6-2,270,25,Boston College,9,6,35,476
Bo Matthews,41,FB,6-3,222,28,Colorado,16,0,35,477
Gregg McCrary,88,TE,6-3,232,27,Clark Atlanta,14,0,35,478
Lydell Mitchell,26,HB,5-11,198,30,Penn State,12,5,35,479
Cliff Olander,10,QB,6-5,187,24,New Mexico State,4,0,35,480
Artie Owens,24,HB,5-11,182,26,West Virginia,16,2,35,481
Ralph Perretta,53,C,6-2,252,26,Purdue,16,0,35,482
Ray Preston,52,LLB-RLB,6-0,221,25,Syracuse,16,16,35,483
Bob Rush,56,C,6-5,270,24,Memphis,16,10,35,484
Pete Shaw,44,FS,5-10,178,25,Northwestern,16,3,35,485
Billy Shields,66,LOT,6-8,281,26,Georgia Tech,16,16,35,486
Hal Stringert,45,CB,5-11,185,27,Willamette; Hawaii,15,1,35,487
Mike Thomas,22,HB,5-11,190,26,Oklahoma; Nevada-Las Vegas,14,9,35,488
Cliff Thrift,59,LB,6-2,234,23,East Central,16,0,35,489
Russ Washington,70,ROT,6-6,295,33,Missouri,16,16,35,490
Jeff West,8,P,6-3,218,26,Cincinnati,16,0,35,491
Ed White,67,ROG,6-2,264,32,California,16,16,35,492
Doug Wilkerson,63,LOG,6-3,253,32,North Carolina Central,12,12,35,493
Clarence Williams,40,FB,5-10,185,24,South Carolina,16,16,35,494
Mike Williams,29,RCB,5-10,186,26,Louisiana State,16,16,35,495
Kellen Winslow,80,TE,6-5,251,22,Missouri,7,1,35,496
Mike Wood,16,K,5-11,199,25,Southeast Missouri State,9,0,35,497
Don Woods,33,RB,6-1,191,28,New Mexico Highlands; New Mexico,15,0,35,498
Wilbur Young,99,LDT,6-6,285,30,William Penn,16,16,35,499
Otis Armstrong,24,RB,5-10,196,29,Purdue,15,1,10,500
George Atkinson,47,S,6-0,181,32,Morris Brown,6,0,10,501
Ken Brown,55,C,6-1,250,25,New Mexico,16,0,10,502
Billy Bryan,64,C,6-2,255,24,Duke,16,16,10,503
Larry Canada,35,RB,6-2,225,25,Wisconsin,16,0,10,504
Rubin Carter,68,NT,6-0,254,27,Miami (Florida),15,15,10,505
Barney Chavous,79,LDE,6-3,254,28,South Carolina State,16,16,10,506
Kelvin Clark,73,OT,6-3,265,23,Nebraska,15,0,10,507
Zachary Dixon,31,RB,6-0,200,23,Dean JC; Temple,5,0,10,508
Jack Dolbin,82,WR,5-10,180,31,Wake Forest,4,0,10,509
Ron Egloff,85,TE,6-5,227,24,Wisconsin,16,4,10,510
Larry Evans,56,ROLB,6-2,217,26,Mississippi College,16,4,10,511
Steve Foley,43,RCB,6-2,190,26,Tulane,16,16,10,512
Tom Glassic,62,LOG,6-3,254,25,Virginia,16,16,10,513
Randy Gradishar,53,RILB,6-3,233,27,Ohio State,16,15,10,514
John Grant,63,DE,6-3,235,29,Southern California,16,0,10,515
Paul Howard,60,ROG,6-3,260,29,Brigham Young,16,16,10,516
Glenn Hyde,65,OG,6-3,255,28,Pittsburgh,16,0,10,517
Bernie Jackson,29,WS,6-0,173,29,Los Angeles Pierce JC; Washington State,12,9,10,518
Tom Jackson,57,ROLB,5-11,220,28,Louisville,13,13,10,519
Jim Jensen,30,RB,6-3,230,26,Iowa,16,7,10,520
Jon Keyworth,32,RB,6-3,230,29,Colorado,16,9,10,521
Vince Kinney,84,WR,6-2,190,23,Maryland,15,0,10,522
Kit Lathrop,75,DE,6-4,260,23,West Valley JC; Arizona State,9,0,10,523
Don Latimer,72,NT,6-3,259,24,Miami (Florida),15,1,10,524
Rob Lytle,41,RB,5-11,196,25,Michigan,15,12,10,525
Brison Manor,66,RDE,6-4,248,27,Pratt CC; Arkansas,16,16,10,526
Claudie Minor,71,ROT,6-4,278,28,Mount San Antonio JC; San Diego CC; San Diego State,16,16,10,527
Craig Morton,7,QB,6-4,213,36,California,14,10,10,528
Haven Moses,25,WR,6-2,200,33,Los Angeles Harbor JC; San Diego State,16,16,10,529
Rob Nairne,58,LILB,6-4,227,25,Oregon State,10,4,10,530
Riley Odoms,88,TE,6-4,230,29,Houston,13,12,10,531
Chris Pane,23,CB,5-11,184,26,Chabot JC; Chico State,16,0,10,532
Craig Penrose,12,QB,6-3,211,26,Colorado; San Diego State,2,0,10,533
Dave Preston,46,RB,5-11,195,24,Bowling Green State,10,3,10,534
Luke Prestridge,11,P,6-4,235,23,Baylor,16,0,10,535
Bruce Radford,78,DE,6-5,257,24,Grambling State,16,0,10,536
Joe Rizzo,59,LILB,6-1,220,29,Merchant Marine,13,12,10,537
Jim Ryan,50,LB,6-1,218,22,William & Mary,16,0,10,538
Fred Steinfort,19,K,5-11,180,26,Boston College,1,0,10,539
Dave Studdard,70,LOT,6-4,260,24,Texas,16,16,10,540
Bob Swenson,51,LOLB,6-3,222,26,California,16,16,10,541
Billy Thompson,36,SS,6-1,200,33,Maryland-Eastern Shore,16,16,10,542
Jim Turner,15,K,6-2,206,38,Utah State,16,0,10,543
Rick Upchurch,80,WR,5-10,173,27,Indian Hills JC; Minnesota,16,16,10,544
Steve Watson,81,WR,6-4,195,22,Temple,16,0,10,545
Norris Weese,14,QB,6-1,195,28,Mississippi,16,6,10,546
Charlie West,40,WS-SS,6-1,190,33,Angelo State; Texas-El Paso,16,7,10,547
Louis Wright,20,LCB,6-3,200,26,Arizona State; Bakersfield CC; San Jose State,16,16,10,548
Jeff Barnes,56,LB,6-2,230,24,Chabot JC; California,16,0,36,549
Joe Bell,68,DE,6-3,250,23,Norfolk State,1,0,36,550
Rufus Bess,38,CB,5-9,183,23,South Carolina State,16,0,36,551
Morris Bradshaw,81,WR,6-1,195,27,Ohio State,3,3,36,552
Cliff Branch,21,WR,5-11,170,31,Wharton County JC; Colorado,14,13,36,553
Jim Breech,5,K,5-6,161,23,California,16,0,36,554
Dave Browning,73,LDE-RDE,6-5,245,23,Spokane Falls CC; Washington,16,16,36,555
Larry Brunson,82,WR,5-11,180,30,Mesa CC; Colorado,11,0,36,556
Dave Casper,87,TE,6-4,232,28,Notre Dame,15,12,36,557
Raymond Chester,88,TE,6-3,230,31,Morgan State,14,13,36,558
Todd Christensen,46,RB,6-3,230,23,Brigham Young,12,0,36,559
Dave Dalby,50,C,6-3,250,29,UCLA,16,15,36,560
Bruce Davis,79,OT,6-6,297,23,UCLA,12,0,36,561
Mike Davis,36,SS,6-3,200,23,East Los Angeles JC; Colorado,16,13,36,562
Ray Guy,8,P-K,6-3,200,30,Southern Mississippi,16,0,36,563
Clarence Hawkins,26,RB,6-0,205,23,Florida A&M,7,0,36,564
Lester Hayes,37,LCB,6-0,200,24,Texas A&M,16,16,36,565
Ted Hendricks,83,LOLB,6-7,217,32,Miami (Florida),16,16,36,566
John Huddleston,57,LB,6-3,228,25,Utah,16,0,36,567
David Humm,11,QB,6-2,190,27,Nebraska,16,0,36,568
Monte Jackson,42,RCB,5-11,192,26,San Diego Mesa JC; San Diego State,8,3,36,569
Derrick Jensen,31,RB,6-1,230,23,Texas-Arlington,16,8,36,570
Monte Johnson,58,LILB-MLB,6-5,240,28,Nebraska,16,15,36,571
Willie Jones,90,LDE,6-4,244,22,Florida State,16,3,36,572
Reggie Kinlaw,62,LDT,6-2,245,22,Oklahoma,16,2,36,573
Henry Lawrence,70,ROT,6-4,270,28,Florida A&M,16,16,36,574
Rod Martin,53,ROLB,6-2,220,25,Los Angeles CC; Southern California,16,15,36,575
Rich Martini,89,WR,6-2,185,24,UC Davis,16,4,36,576
Mickey Marvin,65,ROG,6-4,265,24,Tennessee,2,2,36,577
Ira Matthews,43,RB,5-8,175,22,Wisconsin,16,0,36,578
John Matuszak,72,LDE,6-8,290,29,Iowa Central CC; Missouri; Tampa,12,2,36,579
Dan Medlin,68/67,ROG,6-4,255,30,North Carolina State,15,4,36,580
Dave Pear,74,MG-RDT,6-2,250,26,Washington,16,16,36,581
Charles Phillips,47,SS,6-3,215,27,Southern California,16,3,36,582
Charles Philyaw,77,DE-DT,6-9,295,25,Texas Southern,12,0,36,583
Jim Plunkett,16,QB,6-2,207,32,Stanford,4,0,36,584
Derrick Ramsey,84,TE,6-5,230,23,Kentucky,16,3,36,585
Terry Robiskie,35,RB,6-1,210,25,Louisiana State,3,1,36,586
Booker Russell,34,RB,6-2,235,23,Texas State,16,0,36,587
Art Shell,78,LOT,6-5,267,33,Maryland-Eastern Shore,11,11,36,588
Ken Stabler,12,QB,6-3,210,34,Alabama,16,16,36,589
Joe Stewart,80,WR,5-11,180,24,Missouri,3,0,36,590
Steve Sylvester,66,ROG-LOT-C,6-4,260,26,Notre Dame,16,16,36,591
Jack Tatum,32,FS,5-10,203,31,Ohio State,16,16,36,592
Pat Toomay,67,RDE,6-6,244,31,Vanderbilt,14,13,36,593
Gene Upshaw,63,LOG,6-5,255,34,Texas A&M-Kingsville,16,16,36,594
Mark van Eeghen,30,RB,6-2,220,27,Colgate,16,16,36,595
John Vella,75,OT,6-4,260,29,Southern California,11,0,36,596
Phil Villapiano,41,RILB-RLB,6-2,225,30,Bowling Green State,16,16,36,597
Greg Westbrooks,52,LB,6-2,218,26,Colorado Mesa; Colorado,4,0,36,598
Arthur Whittington,22,RB,5-11,185,24,Southern Methodist,9,7,36,599
Henry Williams,45,RCB,5-10,182,23,Hartnell JC; San Diego State,16,13,36,600
Sam Adkins,12,QB,6-2,214,24,Wichita State,3,0,29,601
Steve August,76,ROT,6-5,258,25,Tulsa,16,16,29,602
Autry Beamon,27,FS-SS,6-1,190,26,Texas A&M-Commerce,15,13,29,603
Nick Bebout,63,LOT,6-5,261,28,Wyoming,13,13,29,604
Terry Beeson,58,MLB,6-3,235,24,Kansas,16,15,29,605
Mark Bell,82,TE,6-4,240,22,Colorado State,16,1,29,606
Tony Benjamin,31,RB,6-3,225,24,Duke,16,0,29,607
Dennis Boyd,68,LDE,6-6,255,24,Oregon State,11,4,29,608
Dave Brown,22,RCB,6-1,197,26,Michigan,16,16,29,609
Louis Bullard,72,LOT,6-6,265,23,Jackson State,3,2,29,610
Keith Butler,53,RLB,6-4,235,23,Memphis,14,14,29,611
Ron Coder,60,ROG,6-4,250,25,Penn State,15,5,29,612
Bill Cooke,67,DT,6-5,247,28,Connecticut; Massachusetts,15,0,29,613
Pete Cronan,57,MMLB,6-2,238,24,Boston College,16,1,29,614
Dan Doornink,33,FB,6-3,210,23,Washington State,16,13,29,615
Don Dufek,25,S,6-0,195,25,Michigan,13,0,29,616
Carl Eller,71,LDE,6-6,252,37,Minnesota,16,8,29,617
Duke Fergerson,89,WR,6-1,186,25,Merced JC; Washington State; San Diego State,4,0,29,618
Jessie Green,86,WR,6-2,190,25,Tulsa,12,0,29,619
Sammy Green,56,LLB,6-2,230,25,Florida,16,9,29,620
Tony Green,34,WR,5-9,185,23,Florida,11,0,29,621
Bill Gregory,77,RDE,6-5,257,30,Wisconsin,16,16,29,622
Robert Hardy,75,LDT,6-2,250,23,Jackson State,16,16,29,623
John Harris,44,FS,6-2,200,23,Arizona State,14,7,29,624
Efren Herrera,1,K,5-9,190,28,UCLA,16,0,29,625
Al Hunter,24,FB,5-11,195,24,Notre Dame,15,0,29,626
Michael Jackson,55,LLB-RLB,6-1,226,22,Washington,15,8,29,627
Kerry Justin,26,LCB-SS,5-11,175,24,East Los Angeles JC; Oregon State,14,3,29,628
Art Kuehn,54,LOG,6-3,255,26,UCLA,16,1,29,629
Steve Largent,80,WR,5-11,189,25,Tulsa,15,15,29,630
Tom Lynch,61,LOG,6-5,260,24,Boston College,15,15,29,631
Sam McCullum,84,WR,6-2,190,27,Montana State,16,16,29,632
Charles McShane,59,LB,6-3,230,25,Long Beach CC; California Lutheran,1,0,29,633
Jeff Moore,32,RB,6-0,196,23,Jackson State,16,1,29,634
Steve Myer,16,QB,6-2,200,25,Mount San Antonio JC; New Mexico,1,0,29,635
Bob Newton,78,ROG,6-5,260,30,Cerritos JC; Nebraska,11,11,29,636
Joe Norman,52,RLB,6-1,220,23,Indiana,15,1,29,637
Mike O'Brien,20,S,6-1,195,23,Olympic JC; California,3,0,29,638
Brian Peets,88,TE,6-4,225,23,Pacific,16,14,29,639
Larry Polowski,50,LB,6-3,235,22,Boise State,14,0,29,640
Ernie Price,62,LDE,6-4,245,29,Texas A&M-Kingsville,4,4,29,641
Steve Raible,83,WR,6-2,195,25,Georgia Tech,16,3,29,642
Jeff Sevy,70,LOT,6-5,267,29,DeAnza JC; California,4,1,29,643
Keith Simpson,42,SS,6-1,195,23,Memphis,15,11,29,644
David Sims,35,FB,6-3,216,24,Georgia Tech,3,2,29,645
Sherman Smith,47,RB,6-4,225,25,Miami (Ohio),16,15,29,646
Manu Tuiasosopo,74,RDT,6-3,262,22,UCLA,16,16,29,647
Herman Weaver,18,P,6-4,210,31,Tennessee,16,0,29,648
Cornell Webster,38,LCB,6-0,180,25,Scottsdale CC; UCLA; Tulsa,15,14,29,649
John Yarno,51,C,6-5,251,25,Idaho,16,16,29,650
Jim Zorn,10,QB,6-2,200,26,Cerritos JC; Cal Poly (Pomona),16,16,29,651
Curtis Anderson,90,DE,6-6,240,22,Central State (Ohio),6,0,16,652
Charlie Ane,56,C,6-1,237,27,Michigan State,16,0,16,653
Gary Barbaro,26,FS,6-4,210,25,Nicholls State,16,16,16,654
Ed Beckman,85,WR,6-4,232,24,Florida State,9,2,16,655
Mike Bell,99,RDE,6-4,255,22,Colorado State,11,3,16,656
Horace Belton,35,RB,5-8,200,24,Southeastern Louisiana,16,1,16,657
Jerry Blanton,57,ILB,6-1,232,23,Kentucky,16,0,16,658
Larry Brown,79,OT,6-5,264,24,Miami (Florida),4,0,16,659
M.L. Carter,42,RCB,5-9,173,24,Monterey Peninsula JC; Fullerton State,16,7,16,660
Herb Christopher,41,SS,5-10,194,25,Morris Brown,9,6,16,661
Tim Collier,44,RCB,6-0,176,25,Texas A&M-Commerce,15,9,16,662
Tom Condon,65,ROG,6-3,275,27,Boston College,16,16,16,663
Johnnie Dirden,80,WR,6-0,190,27,Sam Houston State,4,0,16,664
Al Dixon,84,TE,6-5,238,25,Iowa State,3,1,16,665
Steve Fuller,4,QB,6-4,198,22,Clemson,16,12,16,666
Earl Gant,23,FB,6-0,207,22,Missouri,16,3,16,667
Steve Gaunty,83,WR,5-10,175,22,Colorado; Northern Colorado,9,0,16,668
Charlie Getty,77,LOT-ROT,6-4,270,27,Penn State,16,16,16,669
Gary Green,24,LCB,5-11,187,24,Baylor,16,16,16,670
Bob Grupp,1,P,5-11,195,24,Duke,16,0,16,671
Wilbert Haslip,34,RB,5-11,212,23,Hawaii,5,0,16,672
Matt Herkenhoff,60,LOT,6-4,256,28,Minnesota,5,5,16,673
Sylvester Hicks,75,RDE,6-4,252,24,Tennessee State,16,13,16,674
Tom Howard,52,ROLB,6-2,215,25,Texas Tech,16,16,16,675
Charles Jackson,51,LILB,6-2,236,24,Washington,12,4,16,676
Gerald Jackson,49,SS,6-1,195,23,Mississippi State,16,3,16,677
Ken Kremer,91/90,DE-NT,6-4,260,22,Ball State,16,0,16,678
Dave Lindstrom,71,DE,6-6,249,25,Boston University,13,0,16,679
Mike Livingston,10,QB,6-3,209,34,Southern Methodist,5,4,16,680
Frank Manumaleuga,54,LILB,6-2,245,23,UCLA; DeAnza JC; San Jose State,15,12,16,681
Henry Marshall,89,WR,6-2,212,25,Missouri,16,12,16,682
Ted McKnight,22,FB-HB,6-1,209,25,Minnesota-Duluth,15,14,16,683
Arnold Morgado,21,FB,5-11,205,27,Michigan State; Hawaii,11,4,16,684
Jim Nicholson,70,ROT,6-7,270,30,Michigan State,15,10,16,685
Don Parrish,61,NT,6-2,255,24,Pittsburgh,16,16,16,686
Whitney Paul,53,LOLB,6-3,219,26,Colorado,15,15,16,687
Horace Perkins,20,CB,5-11,180,25,Colorado,16,0,16,688
Cal Peterson,50,LOLB,6-3,215,27,UCLA,16,1,16,689
Tony Reed,32,HB,5-11,197,24,Antelope Valley JC; Colorado,11,11,16,690
Jerry Reese,31,SS,6-3,204,24,Oklahoma,7,7,16,691
Stan Rome,87,WR,6-5,218,23,Clemson,9,0,16,692
Dave Rozumek,55,LB,6-1,222,25,New Hampshire,7,0,16,693
Jack Rudnay,58,C,6-3,240,32,Northwestern,16,16,16,694
Tony Samuels,81,TE-WB,6-4,229,25,Florida A&M Bethune-Cookman,16,13,16,695
Bob Simmons,73,LOG,6-4,254,25,Texas,16,15,16,696
J.T. Smith,86,WR,6-2,185,24,North Texas,16,13,16,697
Gary Spani,59,RILB,6-2,229,23,Kansas State,16,16,16,698
Jan Stenerud,3,K,6-2,188,37,Montana State,16,0,16,699
Art Still,67,LDE,6-7,255,24,Kentucky,16,16,16,700
Rod Walters,76,LOG,6-3,258,25,Iowa,16,2,16,701
Walter White,88,TE,6-3,216,28,Mesa CC; Maryland,6,3,16,702
Mike Williams,40,FB,6-3,225,22,New Mexico,14,3,16,703
Benny Barnes,31,LCB,6-1,190,28,Contra Costa JC; Stanford,15,15,9,704
Larry Bethea,76,RDT,6-5,251,23,Michigan State,16,2,9,705
Alois Blackwell,24,RB,5-10,195,25,Houston,6,0,9,706
Bob Breunig,53,MLB,6-2,236,26,Arizona State,16,16,9,707
Larry Brinson,36,RB,6-0,214,25,Florida,14,0,9,708
Guy Brown,59,LLB,6-4,223,24,Houston,15,1,9,709
Glenn Carano,18,QB,6-3,201,24,Nevada-Las Vegas,3,0,9,710
Larry Cole,63,LDE-LDT,6-4,245,33,Air Force; Houston; Hawaii,16,16,9,711
Jim Cooper,61,ROT,6-5,265,24,Temple,15,11,9,712
Doug Cosbie,84,TE,6-6,238,23,Holy Cross; DeAnza JC; Santa Clara,16,1,9,713
Pat Donovan,67,LOT,6-5,260,26,Stanford,16,16,9,714
Tony Dorsett,33,RB,5-11,189,25,Pittsburgh,14,14,9,715
Billy Joe DuPree,89,TE,6-4,225,29,Michigan State,16,16,9,716
John Dutton,78,LDE,6-7,261,28,Nebraska,8,4,9,717
John Fitzgerald,62,C,6-5,255,31,Boston College,15,15,9,718
Andy Frederick,71,OT,6-6,265,25,New Mexico,16,0,9,719
Cliff Harris,43,FS,6-0,188,31,Ouachita Baptist,16,16,9,720
Mike Hegman,58,LLB,6-1,227,26,Alabama A&M Tennessee State,16,5,9,721
Thomas Henderson,56,LLB,6-2,220,26,Langston,11,10,9,722
Tony Hill,80,WR,6-2,205,23,Stanford,16,15,9,723
Randy Hughes,42,SS,6-4,207,26,Oklahoma,15,15,9,724
Bruce Huther,57,LB,6-1,220,25,New Hampshire,16,0,9,725
Butch Johnson,86,WR,6-1,187,25,UC Riverside,11,1,9,726
Aaron Kyle,25,RCB,5-11,185,25,Wyoming,16,16,9,727
Scott Laidlaw,35,FB,6-0,205,26,Stanford,16,3,9,728
Burton Lawless,66,OG,6-4,255,26,Florida,15,0,9,729
D.D. Lewis,50,RLB,6-2,218,34,Mississippi State,16,16,9,730
Wade Manning,22,CB,5-11,190,24,Ohio State,9,0,9,731
Harvey Martin,79,RDE,6-5,260,29,Texas A&M-Commerce,16,16,9,732
Aaron Mitchell,34,LCB,6-1,196,23,Morris Brown; Canyons JC; Nevada-Las Vegas,16,1,9,733
Robert Newhouse,44,FB,5-10,219,29,Houston,14,12,9,734
Drew Pearson,88,WR,6-0,182,28,Tulsa,15,15,9,735
Preston Pearson,26,RB,6-1,190,34,Illinois,14,0,9,736
Tom Rafferty,64,ROG,6-3,262,25,Penn State,16,16,9,737
Jay Saldi,87,TE,6-3,227,25,South Carolina,16,1,9,738
Herbert Scott,68,LOG,6-2,260,26,Virginia Union,16,16,9,739
Rafael Septien,1,K,5-9,171,26,Louisiana-Lafayette,16,0,9,740
Robert Shaw,52,C,6-4,261,23,Tennessee,16,1,9,741
Ron Springs,20,RB,6-1,224,23,Coffeyville CC; Ohio State,16,2,9,742
Dave Stalls,65,LDT,6-4,245,24,Northern Colorado,16,12,9,743
Roger Staubach,12,QB,6-2,198,37,New Mexico Military Institute JC; Navy,16,16,9,744
Bruce Thornton,77,DE,6-5,265,21,Illinois,16,0,9,745
Dennis Thurman,32,SS-CB,5-11,178,23,Southern California,16,1,9,746
Danny White,11,P-QB,6-3,195,27,Arizona State,16,0,9,747
Randy White,54,RDT,6-4,260,26,Maryland,15,14,9,748
Steve Wilson,81,WR,5-10,195,22,Howard,16,0,9,749
Rayfield Wright,70,ROT,6-7,242,34,Fort Valley State,16,5,9,750
Larry Barnes,38,FB,5-11,220,25,Tennessee State,16,3,26,751
Bill Bergey,66,LILB,6-2,240,34,Arkansas State,3,3,26,752
Richard Blackmore,27,CB,5-10,174,23,Mississippi State,16,0,26,753
John Bunting,95,LOLB,6-1,220,29,North Carolina,15,15,26,754
Lem Burnham,67,DE,6-4,240,32,Santa Ana JC; U.S. International,16,0,26,755
Billy Campfield,37,HB,6-0,205,23,Kansas,16,0,26,756
Harold Carmichael,17,WR,6-7,255,30,Southern University,16,16,26,757
Earl Carr,32,RB,6-0,224,24,Florida,1,0,26,758
Al Chesley,59,LB,6-3,240,22,Pittsburgh,16,0,26,759
Ken Clarke,71,MG,6-2,273,23,Syracuse,16,0,26,760
Herman Edwards,46,RCB,6-0,192,25,California; Monterey Peninsula JC; California; San Diego State,16,16,26,761
Scott Fitzkee,81,WR,6-0,187,22,Penn State,15,1,26,762
Tony Franklin,1,K,5-8,182,23,Texas A&M,16,0,26,763
Louie Giammona,33,HB,5-9,180,26,Utah State,15,0,26,764
Carl Hairston,78,RDE,6-3,267,27,Maryland-Eastern Shore,15,15,26,765
Leroy Harris,20,FB,5-9,225,25,Fort Scott CC; Arkansas State,15,13,26,766
Dennis Harrison,68,RDE,6-8,280,23,Vanderbilt,12,1,26,767
Wally Henry,89,WR,5-8,174,25,San Diego CC; UCLA,12,0,26,768
Bobby Howard,23,LCB,6-1,184,35,Cal Poly (San Luis Obispo); San Diego State,16,16,26,769
Claude Humphrey,87,LDE,6-5,258,35,Tennessee State,16,16,26,770
Ron Jaworski,7,QB,6-1,205,28,Youngstown State,16,16,26,771
Charlie Johnson,65,MG,6-3,265,27,Tyler JC; Colorado,16,16,26,772
Wade Key,72,LOG,6-5,245,33,Texas; Texas State,12,10,26,773
Keith Krepfle,84,TE,6-3,226,27,Iowa State,16,16,26,774
Al Latimer,29,CB,5-11,172,22,Ferrum JC; Clemson,13,0,26,775
Frank LeMaster,55,RILB,6-2,232,27,Kentucky,16,16,26,776
Randy Logan,41,SS,6-1,195,28,Michigan,16,16,26,777
Rufus Mayes,77,OT,6-5,255,32,Ohio State,16,0,26,778
Jerrold McRae,82,WR,6-0,187,24,Tennessee State,5,0,26,779
Henry Monroe,24,CB,5-11,180,23,Mississippi State,3,0,26,780
Wilbert Montgomery,31,HB,5-10,194,25,Jackson State; Abilene Christian,16,16,26,781
Guy Morriss,50,C,6-4,275,28,Texas Christian,16,16,26,782
Woody Peoples,69,ROG,6-2,247,36,Grambling State,16,16,26,783
Petey Perot,62,LOG,6-2,261,22,Northwestern State (Louisiana),14,6,26,784
Ray Phillips,52,LB,6-4,230,25,Marshalltown JC; Nebraska,11,0,26,785
Garry Puetz,64,OT,6-4,265,27,Valparaiso,2,0,26,786
Jerry Robinson,56,ROLB,6-2,225,23,UCLA,16,6,26,787
Max Runager,4,P,6-1,189,23,South Carolina,16,0,26,788
John Sanders,26,S,6-1,178,28,South Dakota,1,0,26,789
John Sciarra,21,S,5-11,185,25,UCLA,16,2,26,790
Jerry Sisemore,76,ROT,6-4,260,28,Texas,16,16,26,791
Manny Sistrunk,79,DE,6-5,275,32,Arkansas-Pine Bluff,16,0,26,792
Mark Slater,61,C,6-2,248,24,Minnesota,16,0,26,793
Charlie Smith,85,WR,6-1,185,29,Grambling State,16,15,26,794
John Spagnola,88,TE,6-4,242,22,Yale,16,0,26,795
Terry Tautolo,58,LILB,6-2,232,25,Long Beach CC; UCLA,16,8,26,796
Stan Walters,75,LOT,6-6,270,31,Syracuse,16,16,26,797
Johnnie Walton,10,QB,6-2,210,32,Elizabeth City State,8,0,26,798
Reggie Wilkes,51,ROLB,6-4,242,23,Georgia Tech,16,16,26,799
Brenard Wilson,22,FS,6-0,185,24,Vanderbilt,14,14,26,800
Coy Bacon,79,RDE,6-4,269,36,Jackson State,16,14,37,801
Mike Bragg,4,P,5-11,186,33,Richmond,16,0,37,802
Perry Brooks,69,DT,6-3,260,25,Southern University,12,0,37,803
Danny Buggs,88,WR,6-2,185,26,West Virginia,16,14,37,804
Dave Butz,65,LDT,6-7,295,29,Purdue,15,14,37,805
Monte Coleman,51,LB,6-3,230,22,Central Arkansas,16,0,37,806
Fred Dean,63,LOG,6-3,253,24,Texas Southern,15,1,37,807
Chris DeFance,81,WR,6-1,205,23,Bakersfield CC; Arizona State,4,1,37,808
Greg Dubinetz,67,OG,6-4,260,25,Yale,15,0,37,809
Phil DuBois,86,TE,6-2,225,23,Cerritos JC; San Diego State,15,0,37,810
Brad Dusek,59,LLB,6-2,217,29,Texas A&M,16,16,37,811
Ike Forte,30,FB,6-0,198,25,Tyler JC; Arkansas,11,0,37,812
Ted Fritsch,66,C-OG,6-2,239,29,St. Norbert,16,0,37,813
Jean Fugett,84,TE,6-3,219,28,Amherst,11,6,37,814
Kris Haines,80,WR,5-11,183,22,Notre Dame,1,0,37,815
Bobby Hammond,34,RB,5-9,175,27,Morgan State,5,0,37,816
Buddy Hardeman,22,HB,6-0,202,25,Iowa State,10,0,37,817
Clarence Harmon,38,FB,5-11,209,24,Holmes CC; Mississippi State,16,1,37,818
Donnie Harris,26,SS,6-2,185,25,Northland; Rutgers,16,0,37,819
Terry Hermeling,75,LOT,6-5,255,33,Nevada-Reno,16,16,37,820
Dallas Hickman,82,DE,6-6,238,27,Reedley JC; California,16,0,37,821
Ken Houston,27,SS,6-3,196,35,Prairie View A&M,13,13,37,822
Don Hover,58,MLB,6-3,227,25,Washington State,16,7,37,823
Joe Jones,77,RDE-LDE,6-6,250,31,Tennessee State,16,3,37,824
Bob Kuziel,54,C,6-5,255,29,Pittsburgh,16,16,37,825
Joe Lavender,20,RCB,6-4,188,30,San Diego State,16,14,37,826
Karl Lorch,71,LDE,6-4,260,29,Arizona Western JC; Southern California,15,15,37,827
Benny Malone,25,HB,5-10,193,27,Arizona State,16,16,37,828
Johnny McDaniel,80,WR,6-1,197,28,Lincoln (Missouri),15,2,37,829
Kim McQuilken,11,QB,6-2,205,28,Lehigh,3,0,37,830
Rich Milot,57,RLB,6-4,237,22,Penn State,14,7,37,831
Mark Moseley,3,K,5-11,182,31,Texas A&M Stephen F. Austin State,16,0,37,832
Mark Murphy,29,FS,6-4,210,24,Colgate,16,16,37,833
Neal Olkewicz,59,MLB,6-0,231,22,Maryland,16,9,37,834
Lemar Parrish,24,LCB,5-11,181,32,Lincoln (Missouri),16,16,37,835
Lonnie Perrin,35,RB,6-1,222,27,Illinois,5,0,37,836
Tony Peters,23,SS-RCB,6-1,185,26,Northeastern Oklahoma A&M JC; Oklahoma,16,5,37,837
Grady Richardson,89,TE,6-4,226,30,Pasadena CC; Fullerton State,3,0,37,838
John Riggins,44,FB,6-2,230,30,Kansas,16,15,37,839
Ron Saul,64,LOG,6-2,254,31,Michigan State,15,15,37,840
Paul Smith,78,LDT,6-3,254,34,New Mexico,15,2,37,841
George Starke,74,ROT,6-5,250,31,Columbia,16,16,37,842
Diron Talbert,72,RDT,6-5,246,35,Texas,16,16,37,843
Joe Theismann,7,QB,6-0,195,30,Notre Dame,16,16,37,844
Ricky Thompson,83,WR,6-0,176,25,Baylor,15,15,37,845
Ray Waddy,47,CB,5-11,175,23,Wharton County JC; Texas A&M-Kingsville,16,0,37,846
Don Warren,85,TE,6-4,242,23,Mount San Antonio JC; San Diego State,16,10,37,847
Jeff Williams,73,ROG,6-4,260,24,Rhode Island,16,16,37,848
Pete Wysocki,50,RLB,6-1,225,31,Western Michigan,16,9,37,849
Brad Benson,60,LOT,6-3,270,24,Penn State,10,9,24,850
Alan Caldwell,45,RCB,6-0,176,23,North Carolina,16,1,24,851
Harry Carson,53,RILB-MLB,6-2,240,26,South Carolina State,16,15,24,852
Todd Christensen,41,RB,6-3,230,23,Brigham Young,1,0,24,853
Jim Clack,56,C,6-3,250,32,Wake Forest,16,16,24,854
Randy Coffield,59,LILBB,6-3,215,26,Florida State,9,1,24,855
Gus Coppens,78,LOT,6-5,270,24,UCLA,9,6,24,856
Joe Danelo,18,K,5-9,166,26,Washington State,16,0,24,857
Randy Dean,15,QB,6-3,194,24,Northwestern,16,1,24,858
Al Dixon,84,TE,6-5,238,25,Iowa State,5,1,24,859
Zachary Dixon,34,RB,6-0,200,23,Dean JC; Temple,3,0,24,860
Keith Eck,58,OG-C,6-5,255,24,UCLA,13,0,24,861
Dan Fowler,65,OG,6-5,260,23,Kentucky,1,0,24,862
Gordon Gravelle,71,ROT,6-5,255,30,Brigham Young,4,3,24,863
Earnest Gray,83,WR,6-3,191,22,Memphis,16,14,24,864
Tony Green,34,KR,5-9,185,23,Florida,4,0,24,865
Bobby Hammond,33,RB,5-9,175,27,Morgan State,4,0,24,866
Eddie Hicks,29,RB,6-2,210,24,East Carolina,14,0,24,867
Cleveland Jackson,81,TE,6-4,230,23,Michigan State; Los Angeles Southwest JC; Nevada-Las Vegas,2,0,24,868
Terry Jackson,24,LCB,5-11,197,24,San Diego CC; San Diego State,16,16,24,869
Dave Jennings,13,P,6-4,202,27,St. Lawrence,16,0,24,870
Gary Jeter,70,RDE,6-4,260,24,Southern California,16,16,24,871
Kenny Johnson,48,RB,6-2,220,23,Miami (Florida),9,6,24,872
Ernie Jones,31,FS,6-3,180,26,Miami-Dade JC; Miami (Florida),5,5,24,873
Brian Kelley,55,RLB-ROLB,6-3,222,28,California Lutheran,16,16,24,874
Gordon King,72,OT,6-6,272,23,Stanford,7,0,24,875
Doug Kotar,44,RB,5-10,205,28,Kentucky,16,14,24,876
Dan Lloyd,54,LILB-MLB,6-2,225,26,Washington,13,8,24,877
Frank Marion,51,LB,6-3,238,28,Florida A&M,16,0,24,878
George Martin,75,LDE,6-4,255,26,Oregon,16,16,24,879
Mike McCoy,79,RDT,6-5,275,31,Notre Dame,3,2,24,880
Loaird McCreary,89,TE,6-5,227,26,Tennessee State,11,0,24,881
Odis McKinney,23,FS,6-2,190,22,Los Angeles Valley JC; Colorado,15,2,24,882
John Mendenhall,64,LDT-NG,6-1,255,31,Grambling State,13,11,24,883
Ron Mikolajczyk,62,ROT,6-3,280,29,Marshall; Tampa,1,1,24,884
Calvin Miller,76,LDT-NG,6-2,270,26,Mississippi Gulf Coast CC; Oklahoma State,11,2,24,885
Emery Moorehead,30,RB,6-2,220,25,Colorado,13,3,24,886
Tom Mullady,81,TE,6-3,232,22,Southwestern (Tennessee),2,0,24,887
Tom Neville,74,ROT,6-4,252,36,Mississippi State,14,11,24,888
Steve Odom,84,WR,5-8,175,27,Utah,6,0,24,889
Ray Oldham,25,FS,5-11,192,28,Middle Tennessee State,15,10,24,890
Johnny Perkins,86,WR,6-2,205,26,Ranger JC; Abilene Christian,13,8,24,891
Jim Pietrzak,76,OT-C,6-5,260,26,Eastern Michigan,3,0,24,892
Joe Pisarcik,9,QB,6-4,220,27,New Mexico State,4,4,24,893
Beasley Reece,28,SS,6-1,186,25,North Texas,16,16,24,894
Ray Rhodes,22,RCB,5-11,185,29,Texas Christian; Tulsa,15,15,24,895
Jimmy Robinson,85,WR,5-9,170,26,Georgia Tech,11,6,24,896
Dwight Scales,88,WR,6-2,182,26,Grambling State,15,4,24,897
Gary Shirk,87,TE,6-1,220,29,Morehead State,16,15,24,898
Roy Simmons,69,LOG,6-3,264,23,Georgia Tech,16,3,24,899
Phil Simms,11,QB,6-3,215,24,Morehead State,12,11,24,900
John Skorupan,57,LB,6-3,225,28,Penn State,14,0,24,901
Phil Tabor,80,RDT-NG,6-4,255,23,Oklahoma,15,8,24,902
Billy Taylor,38,RB,6-0,215,23,Texas Tech,16,9,24,903
Bob Torrey,39,RB,6-4,230,22,Penn State,6,0,24,904
J.T. Turner,68,ROG,6-3,250,26,Duke,16,16,24,905
Doug Van Horn,63,LOG,6-2,245,35,Ohio State,15,13,24,906
Brad Van Pelt,10,LLB-LOLB,6-5,235,28,Michigan State,16,16,24,907
Gene Washington,84,WR,5-9,170,26,Georgia,2,0,24,908
Jeff Weston,73,LOT-LDT,6-4,252,23,Notre Dame,16,2,24,909
Carl Allen,27,LCB,6-0,186,24,Southern Mississippi,15,12,38,910
Kurt Allerman,50,LILB,6-3,225,24,Penn State,16,11,38,911
Ottis Anderson,32,RB,6-2,225,22,Miami (Florida),16,16,38,912
Mark Arneson,57,ROLB,6-2,224,30,Arizona,11,9,38,913
Tom Banks,54,C-LOG,6-1,240,31,Auburn,14,14,38,914
John Barefield,58,LOLB-LILB,6-2,224,24,Texas A&M-Kingsville,15,8,38,915
Joe Bostic,71,ROT,6-3,268,22,Clemson,16,14,38,916
Tom Brahaney,51,C-TE,6-2,247,28,Oklahoma,16,4,38,917
Chuck Brown,61,C,6-1,235,22,Houston,4,0,38,918
Theotis Brown,33,RB,6-2,225,22,UCLA,16,1,38,919
Al Chandler,87,TE,6-2,233,29,Oklahoma,8,2,38,920
Jimmy Childs,86,WR,6-2,194,23,Cal Poly (San Luis Obispo),13,1,38,921
Sean Clancy,52,LB,6-3,218,23,Amherst,10,0,38,922
George Collins,66,LOG,6-2,254,24,Georgia,15,3,38,923
Charlie Davis,76,NT,6-2,275,28,Texas Christian,16,16,38,924
Mike Dawson,73,RDE,6-3,262,26,Arizona,16,15,38,925
Dan Dierdorf,72,ROT,6-3,280,30,Michigan,2,2,38,926
Calvin Favron,59,ROLB,6-1,225,22,Southeastern Louisiana,16,7,38,927
Chris Garlich,60,LB,6-1,220,22,Missouri,9,0,38,928
Mel Gray,85,WR,5-9,172,31,Fort Scott CC; Missouri,13,13,38,929
Roy Green,25,CB-S,6-0,195,22,Henderson State,16,0,38,930
Ken Greene,37,SS,6-2,196,23,Washington State,16,16,38,931
Willard Harrell,39,RB,5-8,182,27,Pacific,14,0,38,932
Jim Hart,17,QB,6-2,202,35,Southern Illinois,14,13,38,933
Steve Henry,48,CB,6-2,190,22,Emporia State,8,0,38,934
Tim Kearney,56,LILB,6-2,226,29,Northern Michigan,5,5,38,935
Steve Little,12,P-K,6-0,180,23,Arkansas,16,0,38,936
Thomas Lott,26,RB,5-11,205,22,Oklahoma,10,0,38,937
Randy Love,44,RB,6-1,205,23,Houston,4,0,38,938
Wayne Morris,24,RB,6-0,210,25,Southern Methodist,15,15,38,939
Bill Murrell,80,TE,6-3,220,23,Winston-Salem State,12,3,38,940
Steve Neils,53,LOLB,6-2,218,28,Minnesota,9,9,38,941
Lee Nelson,38,CB,5-10,185,25,Pensacola JC; Florida State,16,0,38,942
Brad Oates,65,LOT,6-6,273,26,Duke; Brigham Young,11,3,38,943
Richard Osborne,87,TE,6-3,230,26,Texas A&M,7,3,38,944
Gary Parris,89,TE,6-2,226,29,Florida State,9,7,38,945
Rod Phillips,36,RB,6-0,221,27,Cincinnati; Jackson State,11,0,38,946
Steve Pisarkiewicz,12,QB,6-2,205,26,Missouri,6,3,38,947
Bob Pollard,82,LDE,6-3,248,31,Texas Southern; Weber State,16,16,38,948
Jim Ramey,79,DE,6-4,247,22,Kentucky,7,0,38,949
Bob Rozier,75,DE,6-3,240,24,Grays Harbor JC; California,6,0,38,950
Keith Simons,70,NT,6-3,254,25,Minnesota,16,0,38,951
Perry Smith,45,LCB,6-0,193,28,Colorado Mesa; Colorado State,16,4,38,952
Dave Stief,84,WR-TE,6-3,195,23,Coffeyville CC; Portland State,16,4,38,953
Terry Stieve,68,ROG,6-2,263,25,Wisconsin,14,14,38,954
Ken Stone,23,FS,6-1,180,29,Vanderbilt,16,16,38,955
Pat Tilley,83,WR,5-10,178,26,Louisiana Tech,16,16,38,956
Roger Wehrli,22,RCB,6-1,195,32,Missouri,16,16,38,957
Eric Williams,55,RILB,6-2,235,24,Southern California,16,16,38,958
Mike Wood,19,K,5-11,199,25,Southeast Missouri State,3,0,38,959
Keith Wortman,62,LOT,6-2,259,29,Rio Hondo JC; Nebraska,13,13,38,960
Ron Yankowski,78,DE,6-5,260,33,Northeastern Oklahoma A&M JC; Kansas State,16,0,38,961
Bob Young,64,LOG-ROG,6-2,269,37,Texas; Texas State; Howard Payne,13,13,38,962
John Zook,63,RDE,6-5,240,32,Kansas,5,1,38,963
Darrell Austin,69,OG-C-OT,6-4,255,28,South Carolina,16,0,30,964
Ricky Bell,42,RB,6-2,218,24,Southern California,16,16,30,965
Rick Berns,36,RB,6-2,210,23,Nebraska,16,1,30,966
Tom Blanchard,16,P,6-0,185,31,Oregon,16,0,30,967
Rik Bonness,53,LB,6-5,220,25,Nebraska,16,0,30,968
Aaron Brown,55,LILB,6-2,238,23,Ohio State,12,1,30,969
Cedric Brown,34,FS,6-1,190,25,Kent State,16,15,30,970
Darryl Carlton,70,OT,6-6,260,26,Tampa,16,2,30,971
Billy Cesare,44,CB-S,5-11,190,24,Memphis; Miami (Florida),16,0,30,972
Wally Chambers,60,LDE,6-6,250,28,Eastern Kentucky,16,16,30,973
Mark Cotney,33,SS,6-0,205,27,New Mexico Highlands; Cameron,16,15,30,974
Randy Crowder,71,NT,6-2,252,27,Penn State,16,8,30,975
Johnny Davis,38,RB,6-1,235,23,Alabama,16,4,30,976
Tony Davis,27,RB,5-11,210,26,Nebraska,16,0,30,977
Jerry Eckwood,43,RB,6-0,198,25,Arkansas,16,10,30,978
Chuck Fusina,14,QB,6-1,197,22,Penn State,1,0,30,979
Jimmie Giles,88,TE,6-3,242,25,Alcorn State,16,16,30,980
Isaac Hagins,81,WR,5-9,179,25,Southern University,16,14,30,981
Charley Hannah,73,ROT,6-6,265,24,Alabama,14,14,30,982
Greg Horton,64,LOG,6-4,250,28,Colorado,16,16,30,983
Cecil Johnson,56,ROLB,6-2,230,24,Pittsburgh,15,14,30,984
Gordon Jones,84,WR,6-0,190,22,Pittsburgh,12,1,30,985
Curtis Jordan,25,SS,6-2,205,25,Texas Tech,16,2,30,986
Bill Kollar,77,NT,6-4,256,27,Montana State,15,8,30,987
Dave Lewis,57,LOLB,6-4,245,25,San Diego CC; Southern California,16,16,30,988
Reggie Lewis,79,DE,6-3,255,23,North Texas,12,0,30,989
Dave Logan,76,NT,6-2,250,23,Pittsburgh,5,0,30,990
Larry Mucker,87,WR,5-11,180,25,Arizona State,16,4,30,991
Dana Nafziger,51,ROLB,6-1,221,26,Cal Poly (San Luis Obispo),16,2,30,992
Jim Obradovich,86,TE,6-2,225,26,El Camino JC; Southern California,16,2,30,993
Neil O'Donoghue,6,K,6-6,210,26,St. Bernard; Auburn,16,0,30,994
Morris Owens,85,WR,6-0,192,26,Arizona State,16,12,30,995
Mike Rae,15,QB,6-0,200,28,Southern California,5,0,30,996
George Ragsdale,23,RB,5-11,185,27,North Carolina A&T State,15,0,30,997
Dave Reavis,75,LOT,6-4,260,29,Arkansas,16,16,30,998
Danny Reece,46,CB-S,5-11,188,24,Southern California,16,1,30,999
Greg Roberts,61,ROG,6-3,262,23,Oklahoma,16,16,30,1000
Gene Sanders,74,NT-DE,6-3,285,23,Texas A&M,16,0,30,1001
Dewey Selmon,58,LILB,6-1,240,26,Oklahoma,15,15,30,1002
Lee Roy Selmon,63,RDE,6-3,256,25,Oklahoma,16,16,30,1003
Mike Washington,40,RCB,6-3,190,26,Alabama,15,15,30,1004
Jeris White,45,LCB,5-11,180,27,Hawaii,16,16,30,1005
Doug Williams,12,QB,6-4,220,24,Grambling State,16,16,30,1006
Steve Wilson,50,C,6-4,266,25,Georgia,16,16,30,1007
Richard Wood,54,RILB,6-2,230,26,Southern California,16,16,30,1008
George Yarno,68,OG,6-2,267,22,Washington State,15,0,30,1009
Ted Albrecht,64,LOT,6-4,250,25,California,16,16,6,1010
Tony Ardizzone,63,C,6-3,247,23,Northwestern,16,0,6,1011
Bob Avellini,7,QB,6-2,210,26,Maryland,7,3,6,1012
Brian Baschnagel,84,WR,5-11,184,25,Ohio State,16,11,6,1013
Lynn Boden,60,LOG,6-5,263,26,South Dakota State,10,1,6,1014
Doug Buffone,55,MLB,6-3,230,35,Louisville,16,2,6,1015
Gary Campbell,59,RLB,6-1,205,27,Colorado,16,16,6,1016
Mike Cobb,87,TE,6-5,248,24,Michigan State,16,15,6,1017
Jack Deloplaine,33,FB,5-10,205,25,Salem,5,1,6,1018
Robin Earl,39,FB,6-5,242,24,Washington,13,2,6,1019
Allan Ellis,48,RCB,5-10,181,28,UCLA,8,4,6,1020
Vince Evans,8,QB,6-2,205,24,Los Angeles CC; Southern California,4,3,6,1021
Gary Fencik,45,SS,6-1,196,25,Yale,14,14,6,1022
Wentford Gaines,36,CB,6-0,185,26,Ferrum JC; Tennessee Tech; Cincinnati,16,0,6,1023
Kris Haines,83,WR,5-11,183,22,Notre Dame,2,0,6,1024
Dan Hampton,99,LDE,6-5,268,22,Arkansas,16,16,6,1025
Al Harris,90,DE,6-5,259,23,Arizona State,4,0,6,1026
Tommy Hart,53,DE,6-3,234,35,Morris Brown,15,0,6,1027
Mike Hartenstine,73,RDE,6-3,254,26,Penn State,16,16,6,1028
Bruce Herron,51,LB,6-2,220,25,New Mexico,16,0,6,1029
Tom Hicks,54,MLB,6-4,237,27,Illinois,15,14,6,1030
Noah Jackson,65,LOG,6-2,264,28,Tampa,15,15,6,1031
Dan Jiggetts,62,OT,6-5,270,25,Harvard,16,0,6,1032
Lee Kunz,57,LB,6-2,224,22,Nebraska,16,0,6,1033
Greg Latta,88,TE,6-3,225,27,Morgan State,15,2,6,1034
Dennis Lick,70,ROT,6-3,265,25,Wisconsin,16,16,6,1035
Virgil Livers,24,RCB,5-8,183,27,Western Kentucky,13,12,6,1036
Willie McClendon,37,RB,6-1,205,22,Georgia,16,0,6,1037
Mark Merrill,50,LB,6-4,238,24,Minnesota,9,0,6,1038
Jerry Meyers,74,DE,6-4,253,25,Northern Illinois,6,0,6,1039
Jerry Muckensturm,58,LLB,6-4,220,26,Arkansas State,16,16,6,1040
Dan Neal,52,C,6-4,252,30,Kentucky,16,16,6,1041
Jim Osborne,68,LDT,6-3,259,30,Southern University,16,16,6,1042
Alan Page,82,RDT,6-5,255,34,Notre Dame,16,16,6,1043
Bob Parsons,86,P,6-5,232,29,Penn State,16,0,6,1044
Walter Payton,34,HB,5-10,203,26,Jackson State,16,16,6,1045
Lonnie Perrin,25,RB,6-1,222,27,Illinois,9,0,6,1046
Mike Phipps,16,QB,6-3,208,32,Purdue,12,10,6,1047
Doug Plank,46,FS-SS,5-11,197,26,Ohio State,16,16,6,1048
Golden Richards,83,WR,6-0,181,29,Brigham Young; Hawaii,5,5,6,1049
Ron Rydalch,76,DT,6-4,250,27,Utah,16,0,6,1050
Terry Schmidt,44,LCB,6-0,177,27,Ball State,16,16,6,1051
Steve Schubert,85,WR,5-10,184,28,Massachusetts,14,0,6,1052
James Scott,89,WR,6-1,192,27,Trinity Valley CC,10,9,6,1053
John Skibinski,30,FB,6-0,222,24,Purdue,1,1,6,1054
Revie Sorey,69,ROG,6-2,264,26,Illinois,16,16,6,1055
Mike Spivey,47,CB,6-0,198,25,Colorado,16,0,6,1056
Bob Thomas,16,K,5-10,177,27,Notre Dame,16,0,6,1057
Lenny Walterscheid,23,FS,5-11,190,25,Southern Utah,15,2,6,1058
Harry Washington,81,WR,6-0,180,23,Grays Harbor JC; Colorado State,6,0,6,1059
Rickey Watts,80,WR,6-1,203,22,Tulsa,16,6,6,1060
Dave Williams,22,FB,6-2,200,25,Colorado,14,12,6,1061
Nate Allen,25,RCB,5-10,170,31,Texas Southern,5,2,21,1062
Tim Baylor,47,FS,6-5,199,25,Morgan State,16,1,21,1063
Matt Blair,59,LLB,6-5,242,29,Northeastern Oklahoma A&M JC; Iowa State,16,16,21,1064
Ted Brown,23,FB,5-10,210,22,North Carolina State,14,9,21,1065
Bobby Bryant,20,RCB,6-0,176,35,South Carolina,14,14,21,1066
Greg Coleman,8,P,6-0,182,25,Florida A&M,16,0,21,1067
Doug Cunningham,89,WR,6-2,195,24,Rice,6,1,21,1068
Rick Danmeier,7,K,6-0,188,27,Lakewood State JC; Sioux Falls,16,0,21,1069
Steve Dils,12,QB,6-1,191,24,Stanford,1,0,21,1070
Jimmy Edwards,32,RB,5-9,185,27,Oklahoma; Louisiana-Monroe,14,0,21,1071
Chuck Foreman,44,FB,6-2,212,29,Miami (Florida),12,7,21,1072
Charlie Goodrum,68,LOG,6-3,256,29,Florida A&M,15,9,21,1073
Wes Hamilton,61,ROG,6-3,271,26,Tulsa,16,16,21,1074
Tom Hannon,45,SS,5-11,195,24,Michigan State,16,16,21,1075
Joe Harris,52,LB,6-1,227,27,Georgia Tech,2,0,21,1076
Wally Hilgenberg,58,LB,6-2,230,37,Iowa,8,0,21,1077
Randy Holloway,75,DE,6-5,255,24,Pittsburgh,16,0,21,1078
Jim Hough,51,LOG,6-2,268,23,Utah State,16,7,21,1079
Dave Huffman,56,C,6-6,284,22,Notre Dame,13,0,21,1080
Kurt Knoff,25,FS,6-2,188,25,Kansas,10,7,21,1081
Tommy Kramer,9,QB,6-2,205,24,Rice,16,16,21,1082
Paul Krause,22,FS,6-3,199,37,Iowa,16,8,21,1083
Terry LeCount,80,WR,5-10,176,23,Florida,12,0,21,1084
Derrel Luce,57,RLB,6-3,224,27,Baylor,16,1,21,1085
Jim Marshall,70,RDE,6-3,239,42,Ohio State,16,16,21,1086
Brent McClanahan,33,RB,5-10,202,28,Arizona State,16,0,21,1087
Fred McNeill,54,RLB,6-2,229,27,UCLA,16,15,21,1088
Kevin Miller,87,WR,5-10,180,24,Louisville,3,0,21,1089
Robert Miller,35,RB,5-11,204,26,Kansas,16,0,21,1090
Mark Mullaney,77,LDE,6-6,246,26,Colorado State,16,16,21,1091
Frank Myers,74,OT,6-5,255,23,Texas A&M,14,0,21,1092
Steve Niehaus,71,DT,6-4,255,25,Notre Dame,3,0,21,1093
Keith Nord,49,S,6-0,195,22,St. Cloud State,16,0,21,1094
Ahmad Rashad,28,WR,6-2,202,30,Oregon,16,16,21,1095
Steve Riley,78,LOT,6-6,258,27,Southern California,16,16,21,1096
Dave Roller,76,LDT,6-2,270,30,Kentucky,15,6,21,1097
Jeff Siemon,50,MLB,6-2,235,29,Stanford,16,12,21,1098
Robert Steele,82,WR,6-4,196,23,North Alabama,16,0,21,1099
Scott Studwell,55,MLB,6-2,228,25,Illinois,14,4,21,1100
Doug Sutherland,69,LDT,6-3,250,31,Wisconsin-Superior,16,10,21,1101
Dennis Swilley,67,C,6-3,257,24,Texas A&M,16,16,21,1102
Bob Tucker,38,TE,6-3,225,34,Bloomsburg,16,15,21,1103
John Turner,27,LCB,6-0,196,23,Miami (Florida),16,16,21,1104
Stu Voigt,83,TE,6-1,223,31,Wisconsin,16,1,21,1105
James White,72,RDT,6-3,270,26,Oklahoma State,16,16,21,1106
Sammy White,85,WR,5-11,195,25,Grambling State,15,15,21,1107
Phil Wise,29,S,6-0,193,30,South Dakota; Nebraska-Omaha,1,0,21,1108
Nate Wright,43,CB,5-11,179,32,Monterey Peninsula JC; San Diego State,10,0,21,1109
Ron Yary,73,ROT,6-6,256,33,Cerritos JC; Southern California,16,16,21,1110
Rickey Young,34,HB,6-2,198,26,Jackson State,16,16,21,1111
John Anderson,59,LLB,6-2,228,23,Michigan,7,2,12,1112
Steve Atkins,32,hb,6-0,219,23,Maryland,7,1,12,1113
Bob Barber,70,RDE-LDE,6-3,240,28,Grambling State,16,8,12,1114
Carl Barzilauskas,75,RDT-LDT,6-6,265,28,Indiana,5,5,12,1115
David Beverly,11,P,6-2,180,29,Auburn,16,0,12,1116
Tom Birney,19,K,6-4,220,23,Michigan State,6,0,12,1117
Mike Butler,77,LDE,6-5,265,25,Kansas,14,14,12,1118
Ron Cassidy,88,WR,6-0,180,22,Fullerton JC; Utah State,8,0,12,1119
Paul Coffman,82,TE,6-3,225,23,Kansas State,16,16,12,1120
Jim Culbreath,31,RB,6-0,210,27,Oklahoma,4,0,12,1121
Lynn Dickey,10,QB,6-3,214,30,Kansas State,5,3,12,1122
Mike Douglass,53,RLB,6-0,220,24,Arizona State; Los Angeles CC; San Diego State,16,16,12,1123
Earl Edwards,73,LDT,6-6,264,33,Wichita State,9,8,12,1124
Derrel Gofourth,57,LOG,6-3,260,24,Oklahoma State,16,16,12,1125
Johnnie Gray,24,FS,5-11,185,26,Allan Hancock JC; Fullerton State,16,16,12,1126
Jim Gueno,51,LB,6-2,220,25,Tulane,16,0,12,1127
Leotis Harris,69,ROG,6-1,269,24,Arkansas,15,11,12,1128
Estus Hood,38,LCB,5-11,189,24,Illinois State,16,16,12,1129
Mike Hunt,55,MLB,6-2,240,23,Minnesota,3,2,12,1130
Eddie Lee Ivery,40,RB,6-1,208,22,Georgia Tech,1,0,12,1131
Mel Jackson,71,ROG,6-1,267,25,Southern California,16,5,12,1132
Charles Johnson,99,RDT-LDT,6-1,262,22,Maryland,16,12,12,1133
Ezra Johnson,90,RDE,6-4,258,24,Morris Brown,11,10,12,1134
Sammy Johnson,39,RB,6-1,226,27,North Carolina,3,0,12,1135
Terry Jones,63,LDT-RDT,6-2,253,23,Alabama,12,6,12,1136
Bobby Kimball,85,WR,6-1,190,22,Ventura JC; Oklahoma,7,0,12,1137
Greg Koch,63,ROT,6-4,276,24,Arkansas,16,16,12,1138
Mark Koncar,79,LOT,6-5,268,26,Colorado,12,12,12,1139
Walt Landers,42,FB,6-0,214,26,Clark Atlanta,9,1,12,1140
Kit Lathrop,72,DT,6-4,260,23,West Valley JC; Arizona State,2,0,12,1141
James Lofton,80,WR,6-3,192,23,Stanford,16,16,12,1142
Steve Luke,46,SS,6-2,195,26,Ohio State,16,16,12,1143
Chester Marcol,13,K,6-0,190,30,Hillsdale,10,0,12,1144
Larry McCarren,54,C,6-3,251,28,Illinois,16,16,12,1145
Mike McCoy,29,RCB,5-11,190,26,West Los Angeles JC; Colorado,16,16,12,1146
Joe McLaughlin,62,LB,6-1,235,22,Massachusetts,3,0,12,1147
Casey Merrill,78,DT,6-4,257,22,UC Davis,13,0,12,1148
Terdell Middleton,34,HB,6-0,195,24,Memphis,14,12,12,1149
Henry Monroe,43,S,5-11,180,23,Mississippi State,3,0,12,1150
Steve Odom,84,WR,5-8,175,27,Utah,9,0,12,1151
Ricky Patton,30,RB,5-11,189,25,Ferris State; Jackson State,6,0,12,1152
Paul Rudzinski,58,LB,6-1,220,23,Michigan State,11,0,12,1153
Howard Sampson,36,S-CB,5-10,185,23,Arkansas,16,0,12,1154
Dave Simmons,61,LB,6-4,218,22,North Carolina,16,0,12,1155
Nate Simpson,48,HB-FB,5-11,190,25,Tennessee State,15,4,12,1156
Barty Smith,33,FB,6-4,240,27,Richmond,6,6,12,1157
Steve Stewart,58,LB,6-2,217,23,Minnesota,3,0,12,1158
Tim Stokes,76,LOT,6-5,252,29,Oregon,16,4,12,1159
Aundra Thompson,89,WR,6-1,186,26,Texas A&M-Commerce,15,15,12,1160
John Thompson,83,TE,6-3,226,22,Weber State; Utah State,16,0,12,1161
Eric Torkelson,26,FB,6-2,194,27,Connecticut,14,8,12,1162
Walter Tullis,87,WR,6-0,175,26,Delaware State,16,1,12,1163
Wylie Turner,20,CB,5-10,182,22,Angelo State,12,0,12,1164
Steve Wagner,21,CB,6-2,203,25,Wisconsin,16,0,12,1165
Gary Weaver,52,LLB,6-1,225,30,Trinidad State JC; Fresno State,14,14,12,1166
Mike Wellman,65,C,6-3,253,23,Kansas,16,0,12,1167
David Whitehurst,17,QB,6-2,204,24,Furman,13,13,12,1168
Rich Wingo,50,MLB,6-1,230,23,Alabama,16,14,12,1169
Jimmy Allen,40,SS-FS-LCB,6-2,194,27,Los Angeles Pierce JC; UCLA,16,14,11,1170
Nate Allen,42,CB,5-10,170,31,Texas Southern,3,0,11,1171
John Arnold,47,WR,5-10,170,24,Wyoming,7,0,11,1172
Bubba Baker,60,RDE,6-6,275,23,Colorado State,16,16,11,1173
Karl Baldischwiler,76,LOT,6-5,270,23,Oklahoma,16,16,11,1174
Luther Blue,89,WR,5-11,180,25,Iowa State,9,3,11,1175
Russ Bolinger,73,ROG,6-5,255,25,UC Riverside; Long Beach State,16,16,11,1176
Luther Bradley,27,RCB,6-2,194,24,Notre Dame,16,16,11,1177
Jon Brooks,53,LLB,6-2,215,22,Clemson,15,10,11,1178
Dexter Bussey,24,HB,6-1,205,27,Oklahoma; Texas-Arlington,16,10,11,1179
Ken Callicutt,31,RB,6-1,191,24,Clemson,16,0,11,1180
Karl Chandler,66,C,6-5,250,27,Princeton,1,1,11,1181
Garry Cobb,63,LB,6-2,231,22,Southern California,8,0,11,1182
Eddie Cole,50,MLB,6-2,235,23,Mississippi,15,2,11,1183
Keith Dorney,70,ROT,6-5,285,22,Penn State,16,16,11,1184
Cleveland Elam,72,LDT,6-4,251,27,Tennessee State,8,4,11,1185
Homer Elias,61,LOG,6-3,255,24,Tennessee State,15,14,11,1186
Ken Ellis,48,LCB,5-11,190,32,Southern University,7,1,11,1187
Doug English,78,RDT,6-5,256,26,Texas,16,16,11,1188
Ken Fantetti,57,MLB,6-2,230,22,Wyoming,16,8,11,1189
Amos Fowler,65,LOG,6-3,253,23,Southern Mississippi,12,1,11,1190
Dennis Franks,58,C,6-1,245,26,Michigan,13,0,11,1191
Lawrence Gaines,38,RB,6-1,230,26,Wyoming,16,0,11,1192
Dave Gallagher,71,LDT,6-4,256,27,Michigan,10,7,11,1193
William Gay,79,LDE,6-5,260,24,San Diego CC; Southern California,15,2,11,1194
Jerry Golsteyn,17,QB,6-4,210,25,Northern Illinois,1,1,11,1195
James Harrell,51,RLB,6-1,222,22,Florida,9,8,11,1196
David Hill,81,TE,6-2,240,25,Texas A&M-Kingsville,16,15,11,1197
James Hunter,28,FS-LCB,6-2,195,25,Grambling State,15,15,11,1198
Scott Hunter,10,QB,6-2,207,32,Alabama,13,0,11,1199
Ernie Jackson,44,CB,5-10,176,29,Duke,2,0,11,1200
Doug Jones,46,SS-FS,6-2,205,29,Arizona State; San Diego CC; Northridge State,10,6,11,1201
Rick Kane,32,HB,6-0,200,25,Oregon; San Jose State,16,6,11,1202
Horace King,25,FB,5-10,205,26,Georgia,16,4,11,1203
Jeff Komlo,19,QB,6-2,200,23,Delaware,16,14,11,1204
Tony Leonard,26,CB,5-11,169,26,Virginia Union,1,0,11,1205
Eddie Lewis,48,CB,6-0,175,26,Kansas,8,0,11,1206
Don Morrison,62,C-OT,6-5,257,30,Texas-Arlington,15,0,11,1207
Ulysses Norris,80,TE,6-4,232,22,Georgia,16,2,11,1208
Ed O'Neil,55,LLB-MLB,6-3,235,27,Penn State,16,12,11,1209
Dave Parkin,44,FS,6-0,190,23,Utah State,9,2,11,1210
Don Patterson,43,CB,5-11,175,22,Georgia Tech,2,0,11,1211
Wally Pesuit,67,C,6-4,255,25,Kentucky,16,5,11,1212
Dave Pureifory,75,LDE-LDT,6-1,255,30,Eastern Michigan,15,15,11,1213
Joe Reed,14,QB,6-1,195,31,Baylor; Mississippi State,2,1,11,1214
Benny Ricardo,1,K,5-10,170,25,Orange Coast JC; San Diego State,16,0,11,1215
Bo Robinson,36,FB,6-2,230,23,West Texas A&M,14,12,11,1216
Ken Sanders,82,LDT,6-5,242,29,Howard Payne,5,4,11,1217
Freddie Scott,87,WR,6-2,175,27,Amherst,14,14,11,1218
Tom Skladany,15,P,5-11,192,24,Ohio State,2,0,11,1219
Jimmy Stewart,46,SS,5-11,190,25,Tulsa,5,0,11,1220
Larry Swider,12,P,6-2,195,24,Pittsburgh,14,0,11,1221
Larry Tearry,54,C,6-3,260,23,Wake Forest,11,10,11,1222
Leonard Thompson,39,WR,5-11,190,27,Arizona Western JC; Oklahoma State,15,1,11,1223
Dave Washington,52,LB,6-5,224,31,Alcorn State,7,0,11,1224
Gene Washington,18,WR,6-1,183,32,Stanford,16,13,11,1225
Charlie Weaver,59,RLB,6-2,225,30,Arizona Western JC; Southern California,8,8,11,1226
Walt Williams,21,LCB,6-1,185,25,Ashland; New Mexico State,12,7,11,1227
Robert Woods,47,WR,5-7,170,24,Grambling State,1,0,11,1228
George Andrews,52,LB,6-3,223,24,Nebraska,16,0,19,1229
Bill Bain,62,OG,6-4,270,27,Colorado; San Diego CC; Southern California,8,0,19,1230
Larry Brooks,90,RDT,6-3,255,29,Virginia State,16,16,19,1231
Eddie Brown,25,FS,5-11,190,27,Tennessee,16,5,19,1232
Bob Brudzinski,59,RLB,6-4,225,24,Ohio State,16,16,19,1233
Cullen Bryant,32,FB,6-1,230,28,Colorado,16,16,19,1234
Ken Clark,13,P,6-2,196,31,St. Mary's (Nova Scotia),16,0,19,1235
Frank Corral,3,K,6-2,233,24,Riverside CC; UCLA,16,0,19,1236
Nolan Cromwell,21,FS-RCB,6-1,199,24,Kansas,16,16,19,1237
Preston Dennard,88,WR,6-1,183,24,New Mexico,15,11,19,1238
Reggie Doss,71,DE,6-4,267,23,Hampton,16,0,19,1239
Fred Dryer,89,RDE,6-6,238,33,El Camino JC; San Diego State,16,16,19,1240
Bill Dunstan,66,LB,6-4,250,30,Utah State,10,0,19,1241
Ken Ellis,28,CB,5-11,190,32,Southern University,3,0,19,1242
Dave Elmendorf,42,SS,6-1,196,30,Texas A&M,16,16,19,1243
Mike Fanning,79,LDT,6-6,255,26,Notre Dame,16,16,19,1244
Vince Ferragamo,15,QB,6-3,212,25,California; Nebraska,8,5,19,1245
Doug France,77,LOT,6-5,266,26,Ohio State,16,13,19,1246
Gordon Gravelle,73,LOT,6-5,255,30,Brigham Young,8,3,19,1247
Pat Haden,11,QB,5-11,180,26,Southern California,10,10,19,1248
Dennis Harrah,60,ROG,6-5,265,26,Miami (Florida),13,12,19,1249
Joe Harris,51,LB,6-1,227,27,Georgia Tech,13,0,19,1250
Drew Hill,87,WR,5-9,170,23,Georgia Tech,16,4,19,1251
Eddie Hill,24,RB,6-2,210,22,Memphis,16,0,19,1252
Kent Hill,72,LOG,6-5,260,22,Georgia Tech,16,9,19,1253
Ron Jessie,81,WR,6-0,183,31,Imperial Valley JC; Kansas,6,6,19,1254
Jim Jodat,43,FB,5-11,213,25,Carthage,7,0,19,1255
Sid Justin,31,CB,5-10,170,25,Los Angeles Southwest JC; Long Beach State,13,0,19,1256
Bob Lee,19,QB,6-2,190,33,Arizona State; San Francisco CC; Pacific,3,0,19,1257
Lawrence McCutcheon,30,RB,6-1,205,29,Colorado State,11,4,19,1258
Kevin McLain,50,LB,6-2,229,25,Fullerton JC; Colorado State,10,0,19,1259
Willie Miller,82,WR,5-9,172,32,Colorado State,3,3,19,1260
Terry Nelson,83,TE,6-2,230,28,Arkansas-Pine Bluff,16,16,19,1261
Ricky Odom,23,CB,6-0,183,23,Southern California,3,0,19,1262
Dwayne O'Steen,33,RCB-LCB,6-1,194,25,California; San Jose State,16,12,19,1263
Elvis Peacock,34,RB,6-1,215,23,Oklahoma,11,0,19,1264
Rod Perry,49,RCB,5-9,180,26,Fresno CC; Colorado,9,7,19,1265
Jack Reynolds,64,MLB,6-1,232,32,Tennessee,16,16,19,1266
Jeff Rutledge,8,QB,6-1,195,22,Alabama,3,1,19,1267
Dan Ryczek,54,ROG,6-3,250,30,Virginia,16,3,19,1268
Rich Saul,61,C,6-3,241,31,Michigan State,16,16,19,1269
Jeff Severson,45,S,6-1,183,30,Long Beach State,1,0,19,1270
Jackie Slater,78,ROT,6-4,281,25,Jackson State,16,16,19,1271
Doug Smith,56,ROG,6-3,266,23,Bowling Green State,4,1,19,1272
Ronnie Smith,84,WR,6-0,185,23,Fullerton JC; San Diego State,12,2,19,1273
Ivory Sully,37,S,6-0,200,22,Delaware,8,0,19,1274
Pat Thomas,27,LCB,5-9,190,25,Texas A&M,8,7,19,1275
Wendell Tyler,26,RB,5-10,207,24,UCLA,16,12,19,1276
Billy Waddy,80,WR,5-11,190,25,Colorado,13,6,19,1277
Jackie Wallace,20,S,6-3,197,28,Arizona,4,0,19,1278
Greg Westbrooks,57,LB,6-2,218,26,Colorado Mesa; Colorado,5,0,19,1279
Jerry Wilkinson,70,DE,6-9,260,23,Oregon State,16,0,19,1280
John Williams,75,LOG,6-3,257,34,Minnesota,11,7,19,1281
Charle Young,86,TE,6-4,234,28,Southern California,15,0,19,1282
Jack Youngblood,85,LDE,6-4,242,29,Florida,16,16,19,1283
Jim Youngblood,53,LLB,6-3,237,29,Tennessee Tech,16,16,19,1284
Barry Bennett,63,LDT-RDT,6-4,259,24,Concordia (Moorhead),16,14,23,1285
Ken Bordelon,50,LLB,6-4,228,25,Louisiana State,16,14,23,1286
Ray Brown,27,SS,6-2,206,30,West Texas A&M,12,12,23,1287
Ed Burns,11,QB,6-3,210,25,Nebraska,16,0,23,1288
Joe Campbell,73,RDE,6-6,250,24,Maryland,10,4,23,1289
Wes Chandler,89,WR,6-0,186,23,Florida,16,16,23,1290
Clarence Chapman,24,LCB,5-10,175,26,Eastern Michigan,16,15,23,1291
Henry Childs,85,TE,6-2,226,28,Kansas State,16,16,23,1292
Conrad Dobler,66,ROG,6-3,254,29,Wyoming,16,16,23,1293
Russell Erxleben,14,K-P,6-4,238,22,Texas,1,0,23,1294
Joe Federspiel,58,MLB,6-2,230,29,Kentucky,16,16,23,1295
Eric Felton,20,RCB,6-0,200,24,Texas Tech,13,10,23,1296
Roger Finnie,61,ROT,6-3,245,34,Florida A&M,8,1,23,1297
Mike Fultz,72,DT,6-5,278,25,Nebraska,13,1,23,1298
Tony Galbreath,34,FB,6-0,228,25,Centerville JC; Missouri,15,15,23,1299
David Gray,21,RCB,6-0,190,24,East Los Angeles JC; Oregon State; San Diego State,16,6,23,1300
Elois Grooms,78,LDE,6-4,250,26,Tennessee Tech,16,16,23,1301
Larry Hardy,87,TE,6-3,240,23,Jackson State,16,0,23,1302
Ike Harris,82,WR,6-3,207,27,Iowa State,14,14,23,1303
John Hill,62,C,6-2,246,29,Lehigh,16,16,23,1304
Jack Holmes,45,FB,5-11,210,26,Texas Southern,16,1,23,1305
Pat Hughes,54,RLB,6-2,231,32,Boston University,16,16,23,1306
Kim Jones,32,RB,6-4,243,27,Colorado State,2,0,23,1307
Jim Kovach,52,LB,6-2,239,23,Kentucky,16,0,23,1308
Dave Lafary,64,OG,6-7,280,24,Purdue,16,0,23,1309
Archie Manning,8,QB,6-3,205,30,Mississippi,16,16,23,1310
Reggie Mathis,56,LB,6-2,220,23,Navarro JC; Oklahoma,16,0,23,1311
Rich Mauti,84,WR,6-0,195,25,Nassau CC; Penn State,15,0,23,1312
Ralph McGill,49,FS,5-11,178,29,Northeastern Oklahoma A&M JC; Tulsa,13,1,23,1313
Jim Merlo,57,LLB,6-1,220,28,Fresno CC; Stanford,16,2,23,1314
Derland Moore,74,RDT-LDT,6-4,265,28,Oklahoma,15,15,23,1315
Chuck Muncie,42,HB,6-3,233,26,Arizona Western JC; California,16,15,23,1316
Tommy Myers,37,FS,6-0,180,29,Syracuse,15,15,23,1317
Tinker Owens,83,WR,5-11,170,25,Oklahoma,13,2,23,1318
Rick Partridge,17,P,6-1,175,22,Golden West JC; Utah,13,0,23,1319
Jim Pietrzak,76,C,6-5,260,26,Eastern Michigan,11,0,23,1320
Elex Price,75,LDT,6-3,260,29,Alcorn State,6,2,23,1321
Ricky Ray,22,LCB,5-11,185,22,Norfolk State,6,1,23,1322
Don Reese,60,RDE,6-6,255,28,Jackson State,16,12,23,1323
Don Schwartz,48,SS,6-1,191,23,Washington State,14,4,23,1324
Bobby Scott,12,QB,6-1,201,30,Tennessee,3,0,23,1325
Mike Strachan,33,HB,6-0,199,26,Iowa State,10,1,23,1326
Fred Sturt,68,OG,6-4,250,28,Bowling Green State,16,0,23,1327
J.T. Taylor,71,LOT,6-4,270,23,Missouri,16,16,23,1328
John Watson,67,OT,6-4,244,30,Oklahoma,5,0,23,1329
Brooks Williams,88,TE,6-4,226,25,North Carolina,16,0,23,1330
Wayne Wilson,30,RB,6-3,213,22,Shepherd,14,0,23,1331
Robert Woods,65,ROT,6-3,253,29,Tennessee State,15,15,23,1332
Garo Yepremian,1,K,5-8,172,35,none,14,0,23,1333
Emanuel Zanders,79,LOG,6-1,248,28,Jackson State,16,16,23,1334
William Andrews,31,FB,6-0,210,24,Auburn,15,15,2,1335
Steve Bartkowski,10,QB,6-4,215,27,California,14,14,2,1336
Bubba Bean,44,HB,5-11,195,25,Texas A&M,11,10,2,1337
Greg Brezina,50,RLB,6-1,221,33,Houston,16,16,2,1338
Warren Bryant,66,ROT,6-6,270,24,Kentucky,16,16,2,1339
Rick Byas,38,RCB,5-10,185,29,Eastern Michigan; Wayne State (Michigan),16,16,2,1340
Brian Cabral,51,LB,6-1,217,23,Colorado,3,0,2,1341
Lynn Cain,21,HB,6-1,205,24,East Los Angeles JC; Southern California,10,3,2,1342
Tony Daykin,55,LB,6-1,220,24,Georgia Tech,11,0,2,1343
Ray Easterling,32,FS-SS,6-0,193,30,Richmond,16,16,2,1344
Wilson Faumuina,74,LDT,6-5,275,25,San Jose State,14,14,2,1345
Edgar Fields,77,RDT-LDT,6-2,255,25,Navarro JC; Texas A&M,16,16,2,1346
Wallace Francis,89,WR,5-11,190,28,Arkansas-Pine Bluff,16,16,2,1347
Bob Glazebrook,36,S-CB,6-1,200,23,Fresno CC; Fresno State,13,0,2,1348
Pat Howell,64,ROG,6-5,253,22,Southern California,15,5,2,1349
Alfred Jackson,85,WR,6-0,190,24,Texas,12,0,2,1350
John James,6,P,6-3,199,30,Florida,16,0,2,1351
Alfred Jenkins,84,WR,5-10,172,27,Morris Brown,16,16,2,1352
June Jones,14,QB,6-4,200,26,Oregon; Hawaii; Portland State,5,2,2,1353
Mike Kenn,78,LOT,6-7,278,23,Michigan,16,16,2,1354
Jerome King,33,CB,5-10,175,24,Purdue,1,0,2,1355
Fulton Kuykendall,54,LLB,6-4,226,26,UCLA,16,16,2,1356
Rolland Lawrence,22,LCB,5-10,179,28,Tabor,16,16,2,1357
Mike Lewis,69,LDT-RDT,6-4,260,30,Wiley; Arkansas-Pine Bluff,13,2,2,1358
James Mayberry,39,FB,5-11,210,22,Colorado,16,1,2,1359
Tim Mazzetti,4,K,6-1,175,23,Pennsylvania,16,0,2,1360
Ron McCartney,56,LB,6-1,220,25,Tennessee,16,0,2,1361
Dewey McClain,52,LB,6-3,236,25,East Central,15,0,2,1362
Phil McKinnely,73,OT,6-4,248,25,UCLA,15,0,2,1363
Jeff Merrow,75,RDE,6-4,250,26,West Virginia,3,2,2,1364
Russ Mikeska,87,TE,6-3,225,24,Texas A&M,16,0,2,1365
Jim Mitchell,86,TE,6-1,235,32,Prairie View A&M,16,16,2,1366
Tom Moriarty,45,S,6-0,183,26,Bowling Green State,16,0,2,1367
Mike Moroski,15,QB,6-4,201,22,UC Davis,2,0,2,1368
Ricky Patton,33,RB,5-11,189,25,Ferris State; Jackson State,4,0,2,1369
Dennis Pearson,81,WR,5-11,177,24,Washington State; San Diego State,16,0,2,1370
Robert Pennywell,59,MLB,6-1,222,25,Grambling State,16,16,2,1371
Tom Pridemore,27,FS,5-11,186,23,West Virginia,16,5,2,1372
Frank Reed,28,SS,5-11,193,25,Washington,11,11,2,1373
Billy Ryckman,82,WR,5-11,172,24,Louisiana Tech,14,0,2,1374
Paul Ryczek,53,C,6-2,231,27,Virginia,16,0,2,1375
Dave Scott,70,LOG,6-4,265,26,Kansas,16,16,2,1376
Don Smith,65,RDE,6-5,262,22,Miami (Florida),16,14,2,1377
Haskel Stanback,24,HB,6-0,210,27,Tennessee,13,3,2,1378
Ray Strong,25,RB,5-9,184,23,Contra Costa JC; Nevada-Las Vegas,6,0,2,1379
R.C. Thielemann,68,ROG,6-4,257,24,Arkansas,11,11,2,1380
Jeff Van Note,57,C,6-2,247,33,Kentucky,16,16,2,1381
Joel Williams,58,LB,6-1,222,23,Peru State; Wisconsin-La Crosse,16,0,2,1382
Jeff Yeates,79,LDE,6-3,252,28,Boston College,16,16,2,1383
Mike Zele,63,DT,6-4,250,23,Kent State,13,0,2,1384
John Ayers,68,LOG,6-5,260,26,Texas; West Texas A&M,16,16,28,1385
Jean Barrett,77,LOT,6-6,256,28,Tulsa,13,1,28,1386
Dwaine Board,76,RDE,6-5,248,24,North Carolina A&T State,16,5,28,1387
John Bristor,29,CB,6-0,188,24,California (Pennsylvania); Waynesburg,1,0,28,1388
Bob Bruer,82,TE,6-5,240,26,Minnesota State,16,4,28,1389
Dan Bunz,57,MLB,6-4,225,24,UC Riverside; Long Beach State,14,12,28,1390
Gordy Ceresino,58,MLB-LLB,6-0,224,22,Stanford,16,3,28,1391
Dwight Clark,87,WR,6-4,215,22,Clemson,16,3,28,1392
Charles Cornelius,28,LCB,5-9,178,27,Bethune-Cookman,16,14,28,1393
Al Cowlings,79,DE,6-5,247,32,San Francisco CC; Southern California,12,0,28,1394
Randy Cross,51,ROG,6-3,265,25,UCLA,16,16,28,1395
Steve DeBerg,17,QB,6-3,210,25,Fullerton JC; San Jose State,16,15,28,1396
Walt Downing,62,OG,6-3,270,23,Michigan,16,0,28,1397
Tony Dungy,27,FS,6-0,190,24,Minnesota,15,7,28,1398
Lenvil Elliott,35,RB,6-0,207,28,Truman State,16,0,28,1399
Keith Fahnhorst,71,ROT,6-6,273,27,Minnesota,16,16,28,1400
Bobby Ferrell,38,RB,6-0,219,27,UCLA,16,0,28,1401
Phil Francis,48,RB,6-1,215,22,Stanford,16,0,28,1402
Tim Gray,30,SS,6-1,205,27,Navarro JC; Texas A&M,16,15,28,1403
Cedrick Hardman,86,RDE,6-4,245,31,North Texas,14,11,28,1404
Willie Harper,59,RLB,6-2,210,29,Nebraska,16,16,28,1405
Dwight Hicks,22,FS,6-1,190,23,Michigan,8,4,28,1406
Scott Hilton,55,LLB-MLB,6-4,233,25,Salem,7,6,28,1407
Paul Hofer,36,HB,6-0,195,27,Mississippi,15,7,28,1408
Mike Hogan,45,FB,6-2,215,25,Tennessee-Chattanooga,2,2,28,1409
Wilbur Jackson,40,FB,6-2,219,28,Alabama,16,14,28,1410
Charles Johnson,44,CB,5-11,181,23,Grambling State,4,0,28,1411
Eric Johnson,24,SS,6-1,192,27,Washington State,8,1,28,1412
Terry LeCount,80,WR,5-10,176,23,Florida,2,0,28,1413
Eddie Lewis,22,RCB,6-0,175,26,Kansas,7,2,28,1414
Ken MacAfee,81,TE,6-4,245,23,Notre Dame,16,12,28,1415
Bob Martin,54,LLB,6-1,214,26,Nebraska,13,2,28,1416
Jeff McIntyre,52,LLB,6-3,232,25,Los Angeles Southwest JC; Arizona State,14,3,28,1417
Dan Melville,11,P,6-0,185,23,Grossmont JC; California,16,0,28,1418
Joe Montana,16,QB,6-2,195,23,Notre Dame,16,1,28,1419
Melvin Morgan,46,FS-LCB,6-0,186,26,Gulf Coast JC; Mississippi Valley State,8,5,28,1420
Dave Morton,50,LB,6-2,224,24,Reedley JC; UCLA,3,1,28,1421
Bob Nelson,66,LLB,6-4,230,26,Nebraska,1,1,28,1422
James Owens,20,WR-RB-S,5-11,188,24,UCLA,16,0,28,1423
Fred Quillan,56,C,6-5,266,23,Oregon,16,16,28,1424
Eason Ramson,80,TE,6-2,225,23,Washington State,2,0,28,1425
Archie Reese,78,LDE,6-3,262,23,Clemson,16,16,28,1426
Tom Seabron,53,LB,6-3,215,22,Michigan,16,0,28,1427
Paul Seal,85,TE,6-4,223,27,Michigan,15,3,28,1428
Mike Shumann,84,WR,6-0,174,24,Florida State,16,14,28,1429
Ron Shumon,50,LLB-MLB,6-1,227,24,Wichita State,8,3,28,1430
O.J. Simpson,32,HB,6-1,210,32,San Francisco CC; Southern California,13,8,28,1431
Ron Singleton,67,LOT,6-7,245,27,Grambling State,16,15,28,1432
Freddie Solomon,88,WR,5-11,185,26,Tampa,15,12,28,1433
Ruben Vaughan,72,DT,6-2,255,23,Colorado,13,1,28,1434
Ted Vincent,75,LDT,6-4,262,23,Wichita State,16,15,28,1435
Jimmy Webb,74,RDT,6-5,245,27,Mississippi State,16,15,28,1436
Ray Wersching,14,K,5-11,215,29,Cerritos JC; California,16,0,28,1437
Gerard Williams,29,RCB,6-1,184,27,Langston,15,14,28,1438
